area;material;condicion;anio_construccion;anio_remodelacion;sotano;calefaccion;aire_acondicionado;area_construida_piso_1;area_construida;banios;banios_sin_ducha;dormitorios;chimeneas;area_garage;area_piscina;precio
8450;7;5;2003;2003;Gd;GasA;Y;856;1710;2;1;3;0;548;0;208500
9600;6;8;1976;1976;Gd;GasA;Y;1262;1262;2;0;3;1;460;0;181500
11250;7;5;2001;2002;Gd;GasA;Y;920;1786;2;1;3;1;608;0;223500
9550;7;5;1915;1970;TA;GasA;Y;961;1717;1;0;3;1;642;0;140000
14260;8;5;2000;2000;Gd;GasA;Y;1145;2198;2;1;4;1;836;0;250000
14115;5;5;1993;1995;Gd;GasA;Y;796;1362;1;1;1;0;480;0;143000
10084;8;5;2004;2005;Ex;GasA;Y;1694;1694;2;0;3;1;636;0;307000
10382;7;6;1973;1973;Gd;GasA;Y;1107;2090;2;1;3;2;484;0;200000
6120;7;5;1931;1950;TA;GasA;Y;1022;1774;2;0;2;2;468;0;129900
7420;5;6;1939;1950;TA;GasA;Y;1077;1077;1;0;2;2;205;0;118000
11200;5;5;1965;1965;TA;GasA;Y;1040;1040;1;0;3;0;384;0;129500
11924;9;5;2005;2006;Ex;GasA;Y;1182;2324;3;0;4;2;736;0;345000
12968;5;6;1962;1962;TA;GasA;Y;912;912;1;0;2;0;352;0;144000
10652;7;5;2006;2007;Gd;GasA;Y;1494;1494;2;0;3;1;840;0;279500
10920;6;5;1960;1960;TA;GasA;Y;1253;1253;1;1;2;1;352;0;157000
6120;7;8;1929;2001;TA;GasA;Y;854;854;1;0;2;0;576;0;132000
11241;6;7;1970;1970;TA;GasA;Y;1004;1004;1;0;2;1;480;0;149000
10791;4;5;1967;1967;NA;GasA;Y;1296;1296;2;0;2;0;516;0;90000
13695;5;5;2004;2004;TA;GasA;Y;1114;1114;1;1;3;0;576;0;159000
7560;5;6;1958;1965;TA;GasA;Y;1339;1339;1;0;3;0;294;0;139000
14215;8;5;2005;2006;Ex;GasA;Y;1158;2376;3;1;4;1;853;0;325300
7449;7;7;1930;1950;TA;GasA;Y;1108;1108;1;0;3;1;280;0;139400
9742;8;5;2002;2002;Gd;GasA;Y;1795;1795;2;0;3;1;534;0;230000
4224;5;7;1976;1976;Gd;GasA;Y;1060;1060;1;0;3;1;572;0;129900
8246;5;8;1968;2001;TA;GasA;Y;1060;1060;1;0;3;1;270;0;154000
14230;8;5;2007;2007;Gd;GasA;Y;1600;1600;2;0;3;1;890;0;256300
7200;5;7;1951;2000;TA;GasA;Y;900;900;1;0;3;0;576;0;134800
11478;8;5;2007;2008;Ex;GasA;Y;1704;1704;2;0;3;1;772;0;306000
16321;5;6;1957;1997;TA;GasA;Y;1600;1600;1;0;2;2;319;0;207500
6324;4;6;1927;1950;TA;GasA;N;520;520;1;0;1;0;240;0;68500
8500;4;4;1920;1950;TA;GasA;N;649;1317;1;0;3;0;250;0;40000
8544;5;6;1966;2006;TA;GasA;Y;1228;1228;1;1;3;0;271;0;149350
11049;8;5;2007;2007;Ex;GasA;Y;1234;1234;2;0;3;0;484;0;179900
10552;5;5;1959;1959;TA;GasA;Y;1700;1700;1;1;4;1;447;0;165500
7313;9;5;2005;2005;Ex;GasA;Y;1561;1561;2;0;2;1;556;0;277500
13418;8;5;2004;2005;Ex;GasA;Y;1132;2452;3;1;4;1;691;0;309000
10859;5;5;1994;1995;Gd;GasA;Y;1097;1097;1;1;3;0;672;0;145000
8532;5;6;1954;1990;TA;GasA;Y;1297;1297;1;0;3;1;498;0;153000
7922;5;7;1953;2007;TA;GasA;Y;1057;1057;1;0;3;0;246;0;109000
6040;4;5;1955;1955;NA;GasA;N;1152;1152;2;0;2;0;0;0;82000
8658;6;5;1965;1965;TA;GasA;Y;1324;1324;2;0;3;1;440;0;160000
16905;5;6;1959;1959;TA;GasA;Y;1328;1328;1;1;2;2;308;0;170000
9180;5;7;1983;1983;Gd;GasA;Y;884;884;1;0;2;0;504;0;144000
9200;5;6;1975;1980;Gd;GasA;Y;938;938;1;0;3;0;308;0;130250
7945;5;6;1959;1959;TA;GasA;Y;1150;1150;1;0;3;0;300;0;141000
7658;9;5;2005;2005;Ex;GasA;Y;1752;1752;2;0;2;1;576;0;319900
12822;7;5;2003;2003;Ex;GasA;Y;1518;2149;1;1;1;1;670;0;239686
11096;8;5;2006;2006;Gd;GasA;Y;1656;1656;2;0;3;0;826;0;249700
4456;4;5;1920;2008;TA;GasA;Y;736;1452;2;0;2;0;0;0;113000
7742;5;7;1966;1966;TA;GasA;Y;955;955;1;0;3;0;386;0;127000
13869;6;6;1997;1997;Gd;GasA;Y;794;1470;2;0;3;0;388;0;177000
6240;6;6;1934;1950;TA;GasA;Y;816;1176;1;0;3;1;528;0;114500
8472;5;5;1963;1963;Gd;GasA;N;816;816;1;0;2;0;516;0;110000
50271;9;5;1981;1987;Ex;GasA;Y;1842;1842;0;1;0;1;894;0;385000
7134;5;5;1955;1955;TA;GasA;Y;1360;1360;1;0;3;1;572;0;130000
10175;6;5;1964;1964;TA;GasA;Y;1425;1425;2;0;3;1;576;0;180500
2645;8;5;1999;2000;Gd;GasA;Y;983;1739;2;1;3;0;480;0;172500
11645;7;5;2004;2004;Gd;GasA;Y;860;1720;2;1;3;0;565;0;196500
13682;10;5;2006;2006;Ex;GasA;Y;1426;2945;3;1;3;1;641;0;438780
7200;5;7;1972;1972;TA;GasA;Y;780;780;1;0;2;0;352;0;124900
13072;6;5;2004;2004;Gd;GasA;Y;1158;1158;1;1;3;0;576;0;158000
7200;5;7;1920;1996;TA;GasA;N;581;1111;1;0;3;0;288;0;101000
6442;8;5;2006;2006;Gd;GasA;Y;1370;1370;2;0;2;1;484;0;202500
10300;7;6;1921;1950;TA;GasA;Y;902;1710;2;0;3;0;480;0;140000
9375;7;5;1997;1998;Gd;GasA;Y;1057;2034;2;1;3;0;645;0;219500
9591;8;5;2004;2005;Ex;GasA;Y;1143;2473;2;1;4;1;852;0;317000
19900;7;5;1970;1989;Gd;GasA;Y;2207;2207;2;0;3;1;576;0;180000
10665;7;5;2003;2003;Gd;GasA;Y;1479;1479;2;0;3;0;558;0;226000
4608;4;6;1945;1950;TA;GasA;Y;747;747;1;0;2;0;220;0;80000
15593;7;4;1953;1953;TA;GasW;Y;1304;2287;2;0;3;1;667;0;225000
13651;7;6;1973;1973;Gd;GasA;Y;2223;2223;2;0;3;2;516;0;244000
7599;4;6;1982;2006;TA;GasA;Y;845;845;1;0;2;0;360;0;129500
10141;7;5;1998;1998;Gd;GasA;Y;885;1718;2;1;3;1;427;0;185000
10200;5;7;1954;2003;TA;GasA;Y;1086;1086;1;0;3;0;490;0;144900
5790;3;6;1915;1950;Fa;GasA;N;840;1605;2;0;3;0;379;0;107400
1596;4;5;1973;1973;Gd;GasA;Y;526;988;1;0;2;0;297;0;91000
8475;4;7;1956;1956;TA;GasA;Y;952;952;1;0;2;0;283;0;135750
8635;5;5;1948;2001;TA;GasA;Y;1072;1285;1;0;2;0;240;0;127000
10778;4;5;1968;1968;TA;GasA;N;1768;1768;2;0;4;0;0;0;136500
10440;5;6;1910;1981;TA;GasA;Y;682;1230;1;1;2;0;440;0;110000
13000;6;6;1968;1968;Gd;GasA;Y;1182;2142;2;1;4;1;509;0;193500
4500;6;5;1998;1998;Ex;GasA;Y;1337;1337;2;0;2;0;405;0;153500
10206;8;5;2007;2007;Gd;GasA;Y;1563;1563;2;0;3;1;758;0;245000
8892;5;5;1960;1960;TA;GasA;Y;1065;1065;1;1;3;0;461;0;126500
8530;7;5;1995;1996;Gd;GasA;Y;804;1474;2;1;3;1;400;0;168500
16059;8;5;1991;1992;Gd;GasA;Y;1301;2417;2;1;4;1;462;0;260000
11911;6;5;2005;2005;Gd;GasA;Y;684;1560;2;1;3;1;400;0;174000
3951;6;5;2009;2009;Gd;GasA;Y;612;1224;2;1;2;0;528;0;164500
8470;3;2;1915;1982;TA;GasA;N;1013;1526;1;0;2;0;0;0;85000
8070;4;5;1994;1995;Gd;GasA;Y;990;990;1;0;3;0;0;0;123600
7200;4;5;1950;1950;NA;GasA;Y;1040;1040;1;0;2;0;420;0;109900
8500;5;3;1961;1961;TA;GasA;Y;1235;1235;1;0;2;0;480;0;98600
13360;5;7;1921;2006;Gd;GasA;Y;964;964;1;0;2;0;432;0;163500
7200;6;6;1910;1998;TA;GasW;N;1260;2291;2;0;4;1;506;0;133900
9337;6;5;1997;1997;Gd;GasA;Y;905;1786;2;1;3;0;684;0;204750
9765;6;8;1993;1993;Gd;GasA;Y;680;1470;2;1;3;1;420;0;185000
10264;7;5;1999;1999;Gd;GasA;Y;1588;1588;2;0;3;0;472;0;214000
10921;4;5;1965;1965;TA;GasA;Y;960;960;1;0;3;0;432;0;94750
10625;5;5;1920;1950;TA;GasA;N;835;835;1;0;2;0;366;0;83000
9320;4;5;1959;1959;TA;GasA;Y;1225;1225;1;1;3;0;0;0;128950
10603;6;7;1977;2001;TA;GasA;Y;1610;1610;2;0;3;2;480;0;205000
9206;6;5;1985;1985;Gd;GasA;Y;977;1732;2;1;3;1;476;0;178000
7018;5;5;1979;1979;NA;GasA;Y;1535;1535;2;0;4;0;410;0;118964
10402;7;5;2009;2009;Gd;GasA;Y;1226;1226;2;0;3;0;740;0;198900
7758;7;4;1931;1950;TA;GasA;Y;1226;1818;1;1;4;2;240;0;169500
9375;8;5;2003;2004;Ex;GasA;Y;1053;1992;2;1;3;1;648;0;250000
10800;4;7;1885;1995;Fa;GasA;Y;1047;1047;1;0;2;0;273;0;100000
6000;5;5;1948;1950;TA;GasA;Y;789;789;1;0;2;0;250;0;115000
8500;5;7;1919;2005;TA;GasW;N;997;1517;2;0;3;0;0;0;115000
11751;6;6;1977;1977;Gd;GasA;Y;1844;1844;2;0;3;1;546;0;190000
9525;6;4;1954;1972;TA;GasA;Y;1216;1855;2;0;4;0;325;0;136900
7750;7;5;2000;2000;Gd;GasA;Y;774;1430;2;1;3;1;400;0;180000
9965;7;5;2007;2007;Ex;GasA;Y;1282;2696;2;1;4;1;792;0;383970
21000;6;5;1953;1953;Gd;GasA;Y;2259;2259;2;0;3;2;450;0;217000
7259;6;8;1945;2002;TA;GasA;Y;1436;2320;2;1;3;1;180;0;259500
3230;6;5;1999;1999;Gd;GasA;Y;729;1458;2;1;2;1;440;0;176000
11616;5;5;1962;1962;TA;GasA;Y;1092;1092;1;0;3;1;288;0;139000
8536;5;5;2006;2007;Gd;GasA;Y;1125;1125;1;1;2;0;430;0;155000
12376;7;5;1990;1990;Gd;GasA;Y;1699;3222;3;0;5;2;594;0;320000
8461;6;5;2005;2006;Gd;GasA;Y;728;1456;2;1;3;1;390;0;163990
21453;6;5;1969;1969;TA;GasA;Y;988;988;1;0;1;2;540;0;180000
6060;4;5;1939;1950;TA;GasA;Y;772;1123;1;0;3;0;264;0;100000
9464;6;7;1958;1958;TA;GasA;Y;1080;1080;1;0;3;0;288;0;136000
7892;6;5;1993;1993;Gd;GasA;Y;1199;1199;2;0;2;0;530;0;153900
17043;6;5;1979;1998;Gd;GasA;Y;1586;1586;2;0;3;1;435;0;181000
6780;6;8;1935;1982;TA;GasA;N;520;754;1;0;2;0;0;0;84500
4928;6;5;1976;1976;Gd;GasA;Y;958;958;2;0;2;1;440;0;128000
4388;5;7;1930;1950;TA;GasA;Y;840;840;1;0;3;1;0;0;87000
7590;6;5;1966;1966;TA;GasA;Y;660;1348;1;1;3;1;453;0;155000
8973;5;7;1958;1991;TA;GasA;Y;1053;1053;1;1;3;0;750;0;150000
14200;7;6;1966;1966;TA;GasA;Y;1216;2157;2;1;4;2;487;0;226000
12224;6;5;2000;2000;Gd;GasA;Y;1022;2054;2;1;3;1;390;0;244000
7388;5;6;1959;2002;TA;GasA;Y;1327;1327;1;0;3;0;624;0;150750
6853;8;5;2001;2002;Ex;GasA;Y;1296;1296;2;0;2;0;471;0;220000
10335;5;6;1968;1993;TA;GasA;Y;1721;1721;2;1;3;1;440;0;180000
10400;7;6;1970;1970;TA;GasA;Y;1682;1682;2;0;3;1;530;0;174000
10355;5;5;1967;1967;TA;GasA;Y;1214;1214;2;0;3;1;318;0;143000
11070;7;5;1988;1989;TA;GasA;Y;1959;1959;3;0;5;0;766;0;171000
9066;8;5;1999;2000;Gd;GasA;Y;1004;1852;2;1;3;2;660;0;230000
15426;6;5;1997;1997;Gd;GasA;Y;928;1764;2;1;3;0;470;0;231500
10500;4;5;1971;1971;TA;GasA;Y;864;864;1;0;3;1;0;0;115000
11645;7;5;2005;2005;Gd;GasA;Y;1734;1734;2;0;3;0;660;0;260000
8520;5;4;1952;1952;TA;GasA;Y;910;1385;2;0;4;0;720;0;166000
10335;7;5;1999;1999;Gd;GasA;Y;1501;1501;2;0;3;0;577;0;204000
9100;5;5;1963;1963;TA;GasA;Y;1728;1728;2;0;6;0;504;0;125000
2522;6;5;2004;2006;Gd;GasA;Y;970;1709;2;0;3;0;380;0;130000
6120;5;7;1931;1993;TA;GasA;Y;875;875;1;0;2;0;180;0;105000
9505;7;5;2001;2001;Gd;GasA;Y;884;2035;2;1;3;1;434;0;222500
7500;7;5;2004;2005;Gd;GasA;Y;1080;1080;1;0;3;0;0;0;141000
6240;5;4;1936;1950;Gd;GasA;Y;896;1344;1;0;3;0;240;0;115000
10356;5;6;1975;1975;TA;GasA;Y;969;969;1;1;3;0;440;0;122000
13891;8;5;2007;2008;Ex;GasA;Y;1710;1710;2;0;2;1;866;0;372402
14803;6;5;1971;1971;TA;GasA;Y;1097;1993;2;1;4;1;495;0;190000
13500;6;7;1960;1975;Gd;GasA;Y;1252;1252;1;0;1;1;564;0;235000
11340;6;5;1923;1950;TA;GasA;Y;1200;1200;1;0;4;0;312;0;125000
9600;6;5;1924;1950;TA;Grav;N;572;1096;1;0;2;0;0;0;79000
7200;5;7;1950;1950;NA;GasA;Y;1040;1040;1;0;2;0;625;0;109500
12003;8;5;2009;2010;Ex;GasA;Y;774;1968;2;1;4;1;680;0;269500
12552;7;5;2004;2005;Gd;GasA;Y;991;1947;2;1;3;1;678;0;254900
19378;7;5;2005;2006;Gd;GasA;Y;1392;2462;2;1;4;1;576;0;320000
11120;6;6;1984;1984;Gd;GasA;Y;1232;1232;2;0;3;0;516;0;162500
13688;9;5;2003;2004;Ex;GasA;Y;1572;2668;2;1;3;2;726;0;412500
12182;7;5;2005;2005;Gd;GasA;Y;1541;1541;2;0;3;1;532;0;220000
5500;4;6;1956;1956;TA;GasA;Y;882;882;1;0;1;0;0;0;103200
5400;6;7;1926;2004;TA;GasA;Y;1149;1616;2;0;3;0;216;0;152000
10106;5;7;1940;1999;TA;GasA;Y;808;1355;2;0;4;0;0;0;127500
10708;5;5;1955;1993;TA;GasA;Y;1867;1867;1;0;2;3;303;0;190000
10562;8;5;2007;2007;Ex;GasA;Y;1610;2161;1;1;3;1;789;0;325624
8244;7;5;2004;2004;Gd;GasA;Y;840;1720;2;1;3;1;440;0;183500
16669;8;6;1981;1981;Gd;GasA;Y;1707;1707;2;1;2;1;511;0;228000
12358;5;6;1941;1950;TA;GasA;Y;854;1382;1;1;2;0;660;0;128500
31770;6;5;1960;1960;TA;GasA;Y;1656;1656;1;0;3;2;528;0;215000
5306;7;7;1987;1987;Gd;GasA;Y;1064;1767;2;0;2;1;504;0;239000
10197;6;5;1961;1961;TA;GasA;Y;1362;1362;1;1;3;1;504;0;163000
12416;6;5;1986;1986;Gd;GasA;Y;1651;1651;2;0;3;1;616;0;184000
12615;6;7;1950;2001;TA;GasA;Y;2158;2158;2;0;4;1;576;0;243000
10029;6;5;1988;1989;Gd;GasA;Y;1164;2060;2;1;4;1;521;0;211000
13650;5;5;1958;1958;TA;GasA;Y;1252;1920;2;0;4;1;451;0;172500
17423;9;5;2008;2009;Ex;GasA;Y;2234;2234;2;0;1;1;1166;0;501837
8520;5;6;1923;2006;TA;GasA;Y;968;968;1;0;2;0;480;0;100000
2117;6;5;2000;2000;Gd;GasA;Y;769;1525;2;1;3;1;440;0;177000
7588;7;6;1920;1950;Fa;GasA;Y;901;1802;1;1;4;1;216;0;200100
9060;5;6;1957;2006;NA;GasA;Y;1340;1340;1;0;3;1;252;0;120000
11426;7;5;2003;2003;Gd;GasA;Y;1362;2082;2;1;3;0;484;0;200000
7438;5;8;1908;1991;Fa;GasA;Y;936;1252;1;0;3;0;576;0;127000
22950;10;9;1892;1993;TA;GasA;Y;1518;3608;2;1;4;2;840;0;475000
9947;7;5;1990;1991;Gd;GasA;Y;1217;1217;2;0;3;0;497;0;173000
10410;5;7;1916;1987;Fa;GasA;Y;808;1656;2;1;3;0;180;0;135000
7018;5;5;1979;1979;Gd;GasA;Y;1224;1224;0;2;2;2;528;0;153337
4923;8;5;2001;2002;Ex;GasA;Y;1593;1593;1;1;0;1;682;0;286000
10570;8;8;1932;1994;Gd;GasA;Y;1549;2727;2;1;3;2;440;0;315000
7472;7;9;1972;2004;TA;GasA;Y;725;1479;1;1;4;0;484;0;184000
9017;7;5;1999;1999;Gd;GasA;Y;1431;1431;2;0;3;0;666;0;192000
2522;7;5;2004;2004;Gd;GasA;Y;970;1709;2;0;3;0;380;0;130000
7180;5;7;1972;1972;TA;GasA;Y;864;864;1;0;3;0;352;0;127000
2280;6;6;1976;1976;Gd;GasA;Y;855;1456;2;1;3;1;440;0;148500
9416;7;5;2007;2007;Ex;GasA;Y;1726;1726;2;0;3;1;786;0;311872
25419;8;4;1918;1990;TA;GasA;Y;1360;3112;2;0;4;1;795;512;235000
5520;6;6;1912;1950;TA;GasA;Y;929;2229;1;0;5;0;0;0;104000
9591;8;5;2004;2005;Ex;GasA;Y;1713;1713;2;0;3;1;856;0;274900
8546;4;5;2003;2004;Gd;GasA;Y;1121;1121;2;0;2;0;440;0;140000
10125;6;6;1977;1977;TA;GasA;Y;1279;1279;2;0;3;2;473;0;171500
7000;6;6;1924;1950;Fa;GasA;Y;865;1310;2;0;2;0;398;0;112000
4438;6;5;2004;2004;Gd;GasA;Y;848;848;1;0;1;1;420;0;149000
3500;5;7;1947;1950;TA;GasA;Y;720;1284;1;1;2;0;240;0;110000
11851;7;5;1990;1990;Gd;GasA;Y;1442;1442;2;0;3;0;500;0;180500
13673;5;5;1962;1962;TA;GasA;Y;1696;1696;1;1;3;1;349;0;143900
12493;4;5;1960;1960;TA;GasA;Y;1100;1100;1;0;3;1;312;0;141000
14364;7;5;1988;1989;Gd;GasA;Y;1180;2062;2;1;3;1;454;0;277000
8250;6;7;1964;1964;Gd;GasA;Y;1092;1092;1;0;3;0;504;0;145000
5604;5;6;1925;1950;TA;GasA;N;864;864;1;0;2;0;0;0;98000
10420;6;5;2009;2009;Gd;GasA;Y;1212;1212;2;0;3;0;460;0;186000
8640;7;5;2009;2009;Gd;GasA;Y;932;1852;2;1;3;1;644;0;252678
13568;5;5;1995;1995;Gd;GasA;Y;990;990;1;0;3;0;576;0;156000
10900;6;7;1977;1977;Gd;GasA;Y;689;1392;1;1;3;0;299;0;161750
10011;5;6;1957;1996;TA;GasA;Y;1236;1236;1;0;2;1;447;0;134450
8450;7;5;2004;2004;Gd;GasA;Y;1436;1436;2;0;3;0;484;0;210000
9906;4;4;1925;1950;TA;GasA;N;810;1328;1;0;3;0;210;0;107000
15660;7;9;1939;2006;TA;GasA;Y;1137;1954;1;1;3;2;431;0;311500
3010;7;5;2005;2006;Gd;GasA;Y;1248;1248;2;0;2;0;438;0;167240
8990;7;5;2006;2006;Gd;GasA;Y;1498;1498;2;0;2;0;675;0;204900
8068;6;5;2002;2002;Gd;GasA;Y;1010;2267;2;1;4;1;390;0;200000
11475;6;6;1975;1975;Gd;GasA;Y;811;1552;2;1;3;1;434;0;179900
10500;4;6;1971;1971;TA;GasA;Y;864;864;1;0;2;0;576;0;97000
13472;10;5;2003;2003;Ex;GasA;Y;2392;2392;2;0;3;1;968;0;386250
1680;5;5;1971;1971;TA;GasA;Y;630;1302;2;1;3;0;280;0;112000
9950;7;5;1995;1995;Gd;GasA;Y;1214;2520;2;1;4;1;721;0;290000
1869;6;6;1970;1970;TA;GasA;Y;483;987;1;1;2;0;280;0;106000
8521;5;5;1967;1967;TA;GasA;Y;912;912;1;0;3;1;336;0;125000
3182;7;5;2005;2006;Gd;GasA;Y;1555;1555;2;0;2;1;430;0;192500
8760;6;6;1959;1959;TA;GasA;Y;1194;1194;1;0;3;0;312;0;148000
15138;8;5;1995;1996;Gd;GasA;Y;1490;2794;2;1;4;1;810;0;403000
1680;6;5;1972;1972;TA;GasA;Y;483;987;1;1;2;1;288;0;94500
10650;5;6;1976;1976;TA;GasA;Y;894;894;1;0;3;0;308;0;128200
7851;6;5;2002;2002;Gd;GasA;Y;860;1960;2;1;4;2;440;0;216500
1680;6;3;1971;1971;TA;GasA;Y;483;987;1;1;2;0;264;0;89500
8773;7;5;2004;2004;Gd;GasA;Y;1414;1414;2;0;3;0;494;0;185500
9453;7;7;1993;2003;Gd;GasA;Y;1014;1744;2;1;3;0;457;0;194500
12030;8;5;2007;2007;Ex;GasA;Y;1694;1694;2;0;3;0;818;0;318000
8741;6;4;1945;1950;TA;GasA;Y;798;1487;1;1;3;1;220;0;113000
9000;8;5;2008;2008;Gd;GasA;Y;1566;1566;2;0;3;0;750;0;262500
3880;5;9;1945;1997;TA;GasA;Y;866;866;1;0;2;0;0;0;110500
5000;5;4;1900;1950;TA;GasA;N;889;1440;1;0;3;0;352;0;79000
10762;6;6;1980;1980;Gd;GasA;Y;626;1217;1;1;3;1;288;0;120000
8880;7;5;1994;2002;Gd;GasA;Y;1222;2110;2;1;3;2;463;0;205000
10400;7;5;1988;1988;Gd;GasA;Y;1872;1872;2;0;3;1;604;0;241500
9142;6;8;1910;1950;Fa;GasA;N;908;1928;2;0;4;0;440;0;137000
11310;6;5;1954;1954;TA;GasA;Y;1375;1375;1;0;2;1;451;0;140000
11317;7;5;2003;2003;Gd;GasA;Y;840;1668;2;1;3;0;500;0;180000
159000;6;7;1958;2006;Gd;GasA;Y;1444;2144;2;0;4;2;389;0;277000
5350;3;2;1940;1966;TA;GasA;Y;1306;1306;1;0;3;0;0;0;76500
4750;8;5;2006;2007;Gd;GasA;Y;1625;1625;2;0;2;1;538;0;235000
8366;6;5;2004;2004;Gd;GasA;Y;798;1640;2;1;3;0;520;0;173000
9350;6;7;1964;1991;Gd;GasA;Y;1302;1302;2;0;3;0;309;0;158000
8400;5;6;1957;1957;TA;GasA;Y;1314;1314;1;0;3;0;294;0;145000
8738;7;5;1999;1999;Gd;GasA;Y;1005;2291;2;1;4;1;429;0;230000
8791;6;5;2003;2003;Gd;GasA;Y;864;1728;2;1;3;0;673;0;207500
8814;7;5;2006;2006;Gd;GasA;Y;1604;1604;2;1;3;1;660;0;220000
12435;7;5;2001;2001;Gd;GasA;Y;963;1792;2;1;3;1;564;0;231500
12702;5;5;1956;1956;NA;GasA;Y;882;882;1;0;2;0;308;0;97000
19296;6;5;1962;1962;TA;GasA;Y;1382;1382;1;0;3;1;884;0;176000
9588;8;5;2007;2007;Ex;GasA;Y;1482;2574;2;1;3;1;868;0;276000
8471;6;7;1977;1995;Gd;GasA;Y;1212;1212;1;0;3;1;492;0;151000
5500;5;7;1929;2001;TA;GasA;Y;926;1316;1;0;3;0;484;0;130000
5232;5;5;1925;2004;Fa;GasA;N;764;764;1;0;2;0;504;0;73000
12090;6;6;1981;1981;Gd;GasA;Y;1422;1422;2;0;3;1;576;0;175500
11207;6;5;1997;1997;Gd;GasA;Y;802;1511;2;1;3;1;413;0;185000
8400;5;8;1939;1997;TA;GasA;Y;1052;2192;2;1;4;1;240;0;179500
6900;5;6;1940;1955;TA;GasA;Y;778;778;1;0;2;1;924;0;120500
7917;6;7;1976;1976;TA;GasA;Y;1113;1113;1;1;3;1;504;0;148000
10728;8;5;2006;2006;Gd;GasA;Y;1095;1939;2;1;3;1;1053;0;266000
39104;7;7;1954;2005;Gd;GasA;Y;1363;1363;1;0;2;2;439;0;241500
11764;8;7;1999;2007;Gd;GasA;Y;1164;2270;2;1;4;1;671;0;290000
9600;6;6;1958;1988;TA;GasA;Y;1632;1632;2;0;3;1;338;0;139000
8314;5;7;1982;1982;TA;GasA;Y;816;816;1;0;2;0;264;0;124500
7264;7;7;1925;2007;TA;GasW;N;952;1548;2;1;3;0;672;0;205000
9196;7;5;2003;2003;Ex;GasA;Y;1560;1560;2;0;3;0;573;0;201000
19138;4;5;1951;1951;TA;GasA;Y;864;864;1;0;2;0;400;0;141000
14450;9;5;2006;2007;Ex;GasA;Y;2121;2121;2;1;3;1;732;0;415298
10005;7;5;1977;1977;Gd;GasA;Y;1156;2022;2;1;4;1;505;0;192000
11287;7;6;1989;1989;Gd;GasA;Y;1175;1982;2;1;3;1;575;0;228500
7200;6;5;2006;2006;Gd;GasA;Y;1262;1262;2;0;2;0;572;0;185000
5063;7;5;2007;2008;Gd;GasA;Y;1314;1314;2;0;2;1;626;0;207500
9612;8;5;2008;2009;Gd;GasA;Y;1468;1468;2;0;3;1;898;0;244600
8012;6;5;1992;1992;Gd;GasA;Y;1575;1575;2;0;2;0;529;0;179200
4251;7;5;2006;2007;Gd;GasA;Y;625;1250;2;1;2;0;528;0;164700
9786;6;7;1962;1981;TA;GasA;Y;1085;1734;1;1;3;1;440;0;159000
8125;4;4;1971;1971;TA;GasA;Y;858;858;1;0;3;0;0;0;88000
9819;5;5;1967;1967;TA;GasA;Y;900;900;1;0;3;0;280;0;122000
8730;6;7;1915;2003;TA;GasA;Y;698;1396;1;0;3;0;384;0;153575
15611;8;5;2006;2006;Gd;GasA;Y;1079;1919;2;1;3;1;685;0;233230
5687;5;6;1912;2000;TA;GasA;N;936;1716;2;0;6;0;0;0;135900
11409;5;4;1949;2008;TA;GasA;Y;1148;1716;1;1;3;1;281;0;131000
16659;7;7;1977;1994;TA;GasA;Y;1468;2263;2;1;3;1;539;0;235000
9600;6;5;1953;1953;TA;GasA;Y;1644;1644;1;0;3;2;418;0;167000
7937;6;6;1984;1984;TA;GasA;Y;1003;1003;1;0;3;0;588;0;142500
13710;5;5;1950;1950;TA;GasA;Y;910;1558;1;1;4;0;282;0;152000
7399;7;5;1997;1998;Gd;GasA;Y;975;1950;2;1;3;1;576;0;239000
11700;6;6;1968;1968;TA;GasA;Y;1041;1743;1;2;3;1;539;0;175000
14000;6;8;1950;2004;TA;GasA;Y;1152;1152;1;0;3;1;300;0;158500
15750;5;5;1953;1953;TA;GasA;Y;1336;1336;1;0;2;2;375;0;157000
16226;8;5;1998;1999;Gd;GasA;Y;1210;2452;2;1;4;1;683;0;267000
13704;7;5;2001;2002;Gd;GasA;Y;1541;1541;2;0;3;1;843;0;205000
9800;5;7;1972;1972;TA;GasA;Y;894;894;1;0;3;0;552;0;149900
18386;7;9;1880;2002;TA;GasA;Y;1675;3493;3;0;3;1;870;0;295000
10386;8;5;2004;2005;Gd;GasA;Y;2000;2000;2;0;3;0;888;0;305900
13474;7;5;1990;1991;Gd;GasA;Y;1122;2243;2;1;4;1;746;0;225000
7920;6;7;1920;1950;TA;GasA;Y;1035;1406;1;0;3;0;0;0;89500
12342;4;5;1940;1950;TA;GasA;Y;861;861;1;0;1;0;539;0;82500
12378;9;5;2003;2004;Ex;GasA;Y;1944;1944;2;0;3;3;708;0;360000
7685;6;5;1993;1994;Gd;GasA;Y;697;1501;2;1;3;1;420;0;165600
8000;6;6;1948;2002;TA;GasA;Y;972;972;1;0;2;1;240;0;132000
7800;5;7;1939;1950;Gd;GasA;Y;793;1118;1;0;3;1;410;0;119900
215245;7;5;1965;1965;Gd;GasW;Y;2036;2036;2;0;3;2;513;0;375000
9600;7;7;1925;1990;TA;GasA;Y;832;1641;1;1;3;1;546;0;178000
7795;7;5;2004;2005;Gd;GasA;Y;716;1432;2;1;3;1;432;0;188500
13005;7;7;1980;1980;Gd;GasA;Y;1153;2353;2;1;4;1;484;0;260000
9000;8;5;2006;2006;Gd;GasA;Y;1088;1959;2;1;3;1;1025;0;270000
9900;7;5;1993;1993;Gd;GasA;Y;1372;2646;2;1;4;1;656;0;260000
14115;7;5;1980;1980;Gd;GasA;Y;1472;1472;2;0;3;2;588;0;187500
16259;9;5;2006;2006;Ex;GasA;Y;1249;2596;3;1;4;0;840;0;342643
12099;8;5;2004;2004;Ex;GasA;Y;1136;2468;2;1;4;1;872;0;354000
10380;7;5;1986;1987;TA;GasA;Y;1553;2730;2;1;4;1;576;0;301000
5820;3;8;1955;2005;TA;GasA;Y;1163;1163;1;0;3;0;220;0;126175
11275;7;7;1967;2007;Gd;GasA;Y;1898;2978;2;1;5;1;564;0;242000
5000;5;6;1941;1950;TA;GasA;N;803;803;1;0;2;0;360;0;87000
10846;8;5;1993;1993;Gd;GasA;Y;1719;1719;1;1;1;2;473;0;324000
11600;6;5;1960;1960;TA;GasA;Y;1383;1383;1;1;3;0;292;0;145250
11888;6;6;1916;1994;TA;GasA;N;1445;2134;2;0;5;0;441;0;214500
6402;5;5;1920;1950;TA;GasA;N;596;1192;1;0;3;0;189;0;78000
10624;5;4;1964;1964;TA;GasA;Y;1728;1728;2;0;6;0;352;0;119000
8176;5;6;1958;1992;TA;GasA;Y;1056;1056;1;0;3;0;308;0;139000
10655;8;5;2003;2004;Gd;GasA;Y;1629;1629;2;0;3;1;880;0;284000
8198;7;5;2004;2004;Gd;GasA;Y;1358;1358;2;0;2;1;484;0;207000
9042;6;5;1998;1998;Gd;GasA;Y;943;1638;2;1;3;2;472;0;192000
164660;5;6;1965;1965;TA;GasA;Y;1619;1786;2;0;3;2;529;0;228950
14157;9;5;2005;2006;Ex;GasA;Y;1922;1922;2;0;3;1;676;0;377426
9135;7;5;2002;2003;Gd;GasA;Y;1536;1536;2;0;3;0;532;0;214000
14145;7;7;1984;1998;Gd;GasA;Y;1621;1621;2;0;3;0;440;0;202500
12400;6;7;1958;1998;TA;GasA;Y;1215;1215;1;0;3;0;297;0;155000
14191;8;5;2002;2002;Gd;GasA;Y;993;1908;2;1;4;0;431;0;202900
8400;4;4;1950;1950;TA;GasA;Y;841;841;1;0;2;0;294;0;82000
8544;3;4;1949;1950;NA;Wall;N;1040;1040;2;0;2;0;400;0;87500
8849;9;5;2005;2005;Ex;GasA;Y;1684;1684;2;0;2;1;564;0;266000
2592;5;3;1976;1976;Gd;GasA;Y;536;1112;1;1;3;0;336;0;85000
6435;6;5;1939;1950;TA;GasA;Y;972;1577;1;0;3;1;312;0;140200
12772;6;8;1960;1998;TA;GasA;Y;958;958;1;0;2;0;301;0;151500
17600;6;5;1960;1960;TA;GasA;Y;1478;1478;2;0;3;2;498;0;157500
2448;7;5;2003;2004;Gd;GasA;Y;764;1626;2;1;2;0;474;0;154000
20431;9;5;2005;2006;Ex;GasA;Y;1848;2728;2;1;4;2;706;0;437154
7820;9;5;2007;2007;Ex;GasA;Y;1869;1869;2;0;2;1;617;0;318061
5271;7;5;1986;1986;Gd;GasA;Y;1453;1453;1;1;2;1;445;0;190000
9084;5;6;1941;1950;TA;GasA;N;616;1111;1;0;3;0;200;0;95000
8520;6;8;1928;2003;TA;GasA;Y;720;720;1;0;2;0;484;0;105900
8400;6;5;1940;2000;TA;GasA;Y;1192;1595;1;0;2;2;240;0;140000
11249;6;5;1995;1995;Gd;GasA;Y;1200;1200;2;0;3;0;521;0;177500
9248;6;6;1992;1992;Gd;GasA;Y;1167;1167;2;0;3;0;400;0;173000
4224;5;5;1976;1976;Gd;GasA;Y;1142;1142;1;1;3;1;528;0;134000
6930;5;4;1958;1958;TA;GasA;Y;1352;1352;1;0;3;0;288;0;130000
12011;8;5;1998;1998;Gd;GasA;Y;1086;1924;2;1;3;1;592;0;280000
7540;6;6;1978;1978;Gd;GasA;Y;912;912;1;0;2;1;470;0;156000
9144;5;5;1940;1982;TA;GasA;Y;988;1505;1;0;3;0;240;0;145000
7301;7;5;2003;2003;NA;GasA;Y;495;1922;3;0;4;1;672;0;198500
1680;6;8;1972;2007;TA;GasA;Y;483;987;1;1;2;0;264;0;118000
18800;6;5;1976;1976;Gd;GasA;Y;790;1574;2;1;3;1;566;0;190000
10690;5;7;1920;1997;TA;GasA;Y;672;1344;1;0;3;0;468;0;147000
9500;6;5;1963;1963;Gd;GasA;Y;1394;1394;1;1;3;2;514;0;159000
9150;6;5;1962;1962;Gd;GasA;Y;1431;1431;1;0;3;1;296;0;165000
7800;5;6;1954;1954;TA;GasA;Y;1268;1268;1;0;2;1;244;0;132000
9830;5;7;1959;2006;TA;GasA;Y;1287;1287;1;0;3;1;576;0;162000
8121;6;5;2000;2000;Gd;GasA;Y;953;1664;2;1;3;1;460;0;172400
17120;4;4;1959;1959;NA;GasA;Y;1120;1588;2;0;4;1;680;0;134432
7175;6;5;1984;1984;Gd;GasA;Y;752;752;1;0;2;0;264;0;125000
10634;5;6;1953;1953;TA;GasA;Y;1319;1319;1;0;3;0;270;0;123000
8200;7;5;2003;2004;Gd;GasA;Y;847;1928;2;1;4;1;434;0;219500
10020;1;1;1922;1950;Fa;GasA;N;904;904;0;1;1;0;0;0;61000
8846;5;5;1996;1996;Gd;GasA;Y;914;914;1;0;2;0;576;0;148000
11143;8;5;2004;2005;Gd;GasA;Y;1580;2466;3;0;4;1;610;0;340000
11394;9;2;2010;2010;Ex;GasA;Y;1856;1856;1;1;1;1;834;0;394432
8123;6;5;2000;2000;Gd;GasA;Y;1007;1800;2;1;3;1;463;0;179000
5000;5;6;1924;1950;TA;GasA;Y;1026;1691;2;0;3;1;308;0;127000
7200;7;5;2006;2006;Gd;GasA;Y;1301;1301;2;0;2;1;572;0;187750
9245;7;5;2006;2006;Gd;GasA;Y;939;1797;2;1;3;0;639;0;213500
9000;6;3;1928;1950;Fa;GasA;N;784;784;1;0;2;0;360;0;76000
53107;6;5;1992;1992;Gd;GasA;Y;1079;1953;2;1;3;2;501;0;240000
3182;8;5;2004;2005;Gd;GasA;Y;1269;1269;2;0;2;1;430;0;192000
8410;5;3;1910;1996;TA;GasA;Y;658;1184;1;0;5;0;0;0;81000
7200;6;6;1976;1976;TA;GasA;Y;1125;1125;1;0;3;1;352;0;125000
9382;7;5;1999;2000;Gd;GasA;Y;1479;1479;2;0;3;0;577;0;191000
12474;10;5;2007;2008;Ex;GasA;Y;1742;2332;2;1;3;1;846;0;426000
8405;5;8;1900;1950;TA;GasA;Y;961;1367;1;0;4;0;384;0;119000
12209;6;5;2001;2002;Ex;GasA;Y;804;1961;2;1;3;1;560;0;215000
8339;5;7;1959;1959;NA;GasA;Y;882;882;1;0;3;0;294;0;106500
7446;4;5;1941;1950;TA;GasA;Y;788;788;1;0;2;2;0;0;100000
10134;5;6;1940;1950;TA;GasA;Y;735;1034;1;0;2;0;240;0;109000
9571;5;6;1956;1956;TA;GasA;Y;1144;1144;1;0;3;0;596;0;129000
7200;5;5;1972;1972;TA;GasA;Y;894;894;1;0;2;0;600;0;123000
7590;5;5;1962;1962;TA;GasA;Y;876;1812;2;0;4;1;264;0;169500
8967;5;2;1920;1950;Fa;GasA;Y;1077;1077;1;0;2;0;338;0;67000
8125;7;5;2006;2007;Gd;GasA;Y;1112;1550;2;0;2;0;438;0;241000
14963;8;5;1996;1996;Gd;GasA;Y;1288;1288;1;1;1;2;500;0;245500
8767;7;5;2005;2005;Gd;GasA;Y;1310;1310;2;0;3;1;400;0;164990
10200;5;8;1940;1997;TA;GasA;Y;672;672;1;0;2;0;240;0;108000
12090;8;5;1998;1998;Gd;GasA;Y;1165;2263;2;1;4;1;420;0;258000
10364;6;5;1995;1996;Gd;GasA;Y;806;1572;2;1;3;1;373;0;168000
9991;4;4;1976;1993;TA;GasA;Y;1620;1620;2;0;3;1;490;0;150000
10480;6;5;1936;1950;TA;GasA;Y;1166;1639;1;0;3;0;240;0;115000
15576;6;7;1915;1976;Gd;GasA;Y;840;1680;2;0;4;0;308;0;177000
14154;7;5;2006;2006;Ex;GasA;Y;1071;2172;2;1;3;1;947;0;280000
10800;8;5;2007;2008;Ex;GasA;Y;1050;2078;2;1;3;1;836;0;339750
9571;5;3;1958;1958;TA;GasA;Y;1276;1276;1;0;3;0;350;0;60000
34650;5;5;1955;1955;TA;GasA;N;1056;1056;1;0;3;0;572;0;145000
4403;7;5;2009;2009;Ex;GasA;Y;1478;1478;2;1;2;1;484;0;222000
8960;5;6;1927;1950;TA;GasA;Y;1028;1028;1;0;2;1;360;0;115000
11228;7;5;1993;1993;Gd;GasA;Y;1080;2097;2;1;3;1;678;0;228000
8899;7;5;2007;2007;Gd;GasA;Y;1340;1340;2;0;3;0;396;0;181134
7844;6;7;1978;1978;TA;GasA;Y;672;1400;1;1;3;1;440;0;149500
22420;6;6;1918;1950;Gd;GasW;N;1370;2624;2;1;4;1;864;0;239000
8160;5;6;1940;1950;TA;GasA;N;756;1134;1;1;3;0;240;0;126000
8450;5;6;1968;1968;TA;GasA;Y;1056;1056;1;0;3;1;304;0;142000
7060;7;5;1997;1998;Gd;GasA;Y;1344;1344;2;0;2;0;784;0;206300
16635;6;7;1977;2000;Gd;GasA;Y;1602;1602;2;0;3;1;529;0;215000
21750;5;5;1954;1954;TA;GasA;Y;988;988;1;0;2;0;520;0;113000
9200;8;5;1998;1998;Gd;GasA;Y;1470;2630;2;1;4;1;696;0;315000
9000;6;5;1956;1956;Gd;GasA;Y;1196;1196;1;0;2;1;297;0;139000
3378;7;8;1946;1992;TA;GasA;Y;707;1389;1;1;3;2;240;0;135000
12800;7;5;1989;1989;Gd;GasA;Y;1644;1644;2;0;2;1;569;0;275000
8593;4;6;1957;1957;TA;GasA;Y;907;907;1;0;3;0;352;0;109008
6762;7;5;2007;2007;Gd;GasA;Y;1208;1208;2;0;2;0;628;0;195400
11457;6;5;1988;1988;Gd;GasA;Y;1412;1412;2;0;3;1;576;0;175000
1680;6;5;1971;1971;TA;GasA;Y;483;987;1;1;2;0;264;0;85400
5586;6;7;1920;1998;TA;GasA;Y;1088;1198;1;0;4;0;0;0;79900
1920;5;5;1971;1971;TA;GasA;Y;765;1365;1;1;2;0;440;0;122500
10839;6;5;1997;1998;Gd;GasA;Y;926;1604;2;1;3;1;470;0;181000
1890;4;7;1972;1972;Gd;GasA;Y;630;630;1;0;1;0;0;0;81000
10667;7;6;1996;1996;Gd;GasA;Y;827;1661;2;1;3;1;550;0;212000
4400;6;8;1920;1950;Fa;GasA;Y;734;1118;1;0;2;0;440;0;116000
6000;6;7;1926;2004;TA;GasA;Y;904;904;1;0;2;0;180;0;119000
4280;5;6;1913;2002;TA;GasA;N;694;694;1;0;2;1;352;0;90350
12354;6;8;1920;2000;TA;GasA;Y;684;1196;1;0;3;0;528;0;110000
15431;10;5;2008;2008;Ex;GasA;Y;2402;2402;2;0;2;2;672;0;555000
12108;4;4;1955;1955;TA;GasA;N;1440;1440;2;0;4;0;0;0;118000
6240;5;7;1930;1992;TA;GasA;Y;1128;1573;2;0;3;1;360;0;162900
3922;7;5;2006;2007;Ex;GasA;Y;1258;1258;2;0;2;1;648;0;172500
8750;7;5;1994;1995;Gd;GasA;Y;933;1908;2;1;4;1;493;0;210000
9855;6;5;1956;1956;TA;GasA;Y;1689;1689;1;0;3;1;480;0;127500
16492;6;6;1966;2002;TA;GasA;Y;1888;1888;2;1;2;1;578;0;190000
11214;7;5;1998;1999;Gd;GasA;Y;956;1886;2;1;4;1;431;0;199900
8600;6;6;1937;1950;TA;GasA;Y;780;1376;2;0;3;1;198;0;119500
6000;3;7;1948;2002;TA;GasA;Y;679;1183;1;1;2;0;308;0;120000
5684;6;8;1930;2005;TA;GasA;Y;813;813;1;0;2;0;270;0;110000
70761;7;5;1975;1975;Gd;GasA;Y;1533;1533;2;0;2;2;576;0;280000
9303;6;5;1996;1997;Ex;GasA;Y;888;1756;2;1;3;0;422;0;204000
9000;8;5;2008;2008;Gd;GasA;Y;786;1590;2;1;3;0;676;0;210000
9297;5;5;1976;1976;TA;GasA;Y;1728;1728;2;0;4;0;560;0;188000
9600;7;6;1973;1973;TA;GasA;Y;1242;1242;1;1;3;1;528;0;175500
4571;5;5;1916;1950;TA;GasA;N;624;1344;1;0;4;0;513;0;98000
53227;4;6;1954;1994;Gd;GasA;Y;1663;1663;1;0;2;2;529;0;256000
5100;8;7;1925;1996;TA;GasA;Y;833;1666;1;0;3;1;228;0;161000
7015;5;4;1950;1950;TA;GasA;Y;979;1203;1;0;3;1;352;0;110000
8004;8;5;2009;2009;Gd;GasA;Y;832;1935;2;1;3;0;552;0;263435
7200;7;9;1936;2007;Gd;GasA;Y;575;1135;1;0;3;0;576;0;155000
8281;5;5;1965;1965;TA;GasA;Y;864;864;1;0;3;1;360;0;62383
11988;6;7;1934;1995;TA;GasA;Y;849;1660;1;1;3;1;240;0;188700
8430;5;5;1978;1978;Gd;GasA;Y;1040;1040;2;0;3;0;0;0;124000
3072;7;5;2004;2004;Gd;GasA;Y;1414;1414;2;0;2;1;398;0;178740
10628;7;5;1970;1970;TA;GasA;Y;1277;1277;1;0;2;1;526;0;167000
9480;5;7;1942;1995;TA;GasA;Y;888;1644;1;1;3;2;312;0;146500
11428;8;5;2006;2006;Gd;GasA;Y;1634;1634;2;0;3;1;866;0;250000
9291;6;5;1993;1993;Gd;GasA;Y;832;1710;2;1;3;0;506;0;187000
6820;8;5;1985;1985;Gd;GasA;Y;1502;1502;1;1;1;0;528;0;212000
11952;7;6;1977;1977;Gd;GasA;Y;1161;1969;2;1;3;1;534;0;190000
3675;6;5;2005;2005;Gd;GasA;Y;1072;1072;1;0;2;0;525;0;148000
14977;8;5;2006;2007;Ex;GasA;Y;1976;1976;2;0;2;1;908;0;440000
5330;8;5;2000;2000;Gd;GasA;Y;1652;1652;2;0;2;0;499;0;251000
8480;5;6;1963;1963;TA;GasA;Y;970;970;1;0;2;0;624;0;132500
13125;6;5;1997;1998;Gd;GasA;Y;1493;1493;2;0;3;1;508;0;208900
13693;9;5;2006;2006;Gd;GasA;Y;2069;2643;2;1;3;1;694;0;380000
10637;8;5;2007;2008;Ex;GasA;Y;1718;1718;2;0;3;1;826;0;297000
5925;4;7;1937;2000;Fa;GasA;Y;1131;1131;1;0;2;0;672;0;89471
16033;9;5;2004;2005;Ex;GasA;Y;1850;1850;2;0;3;1;772;0;326000
11846;9;5;2003;2004;Ex;GasA;Y;1792;1792;2;0;2;1;874;0;374000
2500;7;8;1915;2005;TA;GasA;Y;916;1826;1;1;4;1;164;0;155000
4500;6;5;1998;1998;Ex;GasA;Y;1216;1216;2;0;2;0;402;0;164000
7758;5;7;1962;2001;TA;GasA;Y;999;999;1;0;3;0;264;0;132500
9600;5;7;1950;2007;TA;GasA;Y;1113;1113;1;0;3;1;264;0;147000
10289;5;7;1965;1965;TA;GasA;Y;1073;1073;1;1;3;0;515;0;156000
12243;5;6;1971;1971;Gd;GasA;Y;1484;1484;2;0;3;1;487;0;175000
10800;5;4;1900;1970;TA;GasA;N;1766;2414;2;0;3;1;520;0;160000
1526;4;8;1970;2002;Gd;GasA;Y;630;630;1;0;1;0;286;0;86000
2665;5;6;1976;1976;Gd;GasA;Y;616;1304;1;1;3;1;336;0;115000
9490;6;7;1941;1950;TA;GasA;Y;958;1578;1;0;3;2;240;0;133000
15578;6;5;2006;2006;Gd;GasA;Y;728;1456;2;1;3;0;429;0;172785
7931;5;6;1960;1960;TA;GasA;Y;1269;1269;1;1;3;1;308;0;155000
5784;5;8;1938;1996;Fa;GasA;Y;886;886;1;0;2;0;273;0;91300
7879;4;5;1920;1950;TA;GasA;N;720;720;1;0;2;0;0;0;34900
12692;8;5;1992;1993;Gd;GasA;Y;3228;3228;3;0;4;1;546;0;430000
9120;7;6;1925;1950;TA;GasA;Y;1133;1820;2;0;4;0;240;0;184000
7800;5;7;1967;2004;TA;GasA;Y;899;899;1;0;3;0;288;0;130000
7535;5;7;1958;1985;TA;GasA;Y;912;912;1;0;2;0;297;0;120000
1890;6;5;1973;1973;TA;GasA;Y;672;1218;1;1;3;0;264;0;113000
9803;7;5;2005;2005;Gd;GasA;Y;866;1768;2;1;3;0;603;0;226700
9170;5;7;1965;1965;TA;GasA;Y;1214;1214;1;0;2;0;461;0;140000
15602;7;8;1959;1997;TA;GasA;Y;1801;1801;2;0;1;2;484;0;289000
2308;6;5;1974;1974;TA;GasA;Y;855;1322;2;1;3;1;440;0;147000
7596;5;5;1952;1952;TA;GasA;Y;960;1960;2;0;4;0;400;0;124500
9554;8;5;1993;1994;Gd;GasA;Y;1065;1911;2;1;3;1;471;0;215000
7862;6;5;2009;2009;Gd;GasA;Y;1218;1218;2;0;2;0;676;0;208300
9600;7;9;1928;2005;TA;GasA;Y;689;1378;2;0;3;1;360;0;161000
9600;5;6;1959;1959;TA;GasA;Y;1041;1041;1;0;3;0;270;0;124500
14559;5;7;1951;2000;TA;GasA;Y;1363;1363;1;0;2;2;288;0;164900
6792;7;5;2005;2006;Gd;GasA;Y;1368;1368;2;0;2;1;474;0;202665
9100;5;5;1958;1958;TA;GasA;Y;864;864;1;0;3;0;624;0;129900
9187;6;5;1983;1983;TA;GasA;Y;1080;1080;1;1;3;0;484;0;134000
10594;5;5;1926;1950;TA;Grav;N;789;789;1;0;2;0;200;0;96500
12220;10;5;2009;2009;Ex;GasA;Y;2020;2020;2;1;3;1;900;0;402861
10448;6;6;1972;1972;TA;GasA;Y;1378;2119;2;1;3;1;583;0;158000
10208;7;5;1996;1997;Gd;GasA;Y;1277;2344;2;1;3;1;889;0;265000
9531;6;5;1998;1998;Gd;GasA;Y;882;1796;2;1;3;0;546;0;211000
10918;7;9;1926;2004;Gd;GasA;Y;1276;2080;1;1;3;2;282;0;234000
10800;4;7;1900;2000;NA;GasA;N;694;1294;2;0;3;0;0;0;106250
11988;6;6;1957;1957;TA;GasA;Y;1244;1244;1;1;3;2;336;0;150000
5000;6;7;1947;1950;TA;GasA;Y;1004;1664;2;0;3;2;420;0;159000
40094;10;5;2007;2008;Ex;GasA;Y;3138;4676;3;1;3;1;884;0;184750
11787;7;5;1996;1997;Gd;GasA;Y;1383;2398;2;1;3;1;834;0;315750
7500;7;5;2005;2005;Gd;GasA;Y;1266;1266;2;0;3;1;453;0;176000
13300;5;7;1956;2000;Gd;GasA;Y;928;928;1;0;2;0;252;0;132000
14948;9;5;2008;2008;Ex;GasA;Y;1476;2713;2;1;3;1;858;0;446261
9098;4;7;1920;2002;TA;GasA;Y;605;605;1;0;2;0;0;0;86000
32668;6;3;1957;1975;TA;GasA;Y;2515;2515;3;0;4;2;484;0;200624
10200;6;5;1988;1989;Gd;GasA;Y;1509;1509;2;0;3;1;600;0;175000
6155;6;8;1920;1999;Fa;GasA;Y;751;1362;2;0;3;0;502;0;128000
7200;5;7;1955;2007;NA;GasA;Y;827;827;1;0;2;1;392;0;107500
5000;1;3;1946;1950;NA;GasA;N;334;334;1;0;1;0;0;0;39300
9056;8;5;2004;2004;Ex;GasA;Y;707;1414;2;1;3;1;403;0;178000
7000;5;7;1910;1991;Gd;GasA;Y;820;1347;1;0;3;0;0;0;107500
8924;7;5;1998;1999;Gd;GasA;Y;880;1724;2;1;3;0;527;0;188000
12735;4;5;1972;1972;TA;GasA;Y;864;864;1;0;3;0;576;0;111250
11553;5;5;1968;1968;TA;GasA;Y;1159;1159;1;1;3;1;336;0;158000
11423;8;5;2001;2002;Gd;GasA;Y;1601;1601;2;0;3;1;670;0;272000
14601;9;5;2006;2006;Ex;GasA;Y;1838;1838;2;0;2;1;765;0;315000
11000;8;5;2000;2000;Gd;GasA;Y;997;2285;2;1;4;1;648;0;248000
10140;7;5;1998;1999;Ex;GasA;Y;1680;1680;2;0;3;1;583;0;213250
4058;7;5;1998;1998;Gd;GasA;Y;767;767;1;0;1;0;367;0;133000
17104;7;5;2006;2006;Gd;GasA;Y;664;1496;2;1;3;1;426;0;179665
13837;7;5;1988;1988;Gd;GasA;Y;1377;2183;2;1;4;0;786;0;229000
8737;6;7;1923;1950;Gd;GasA;Y;915;1635;1;1;3;1;440;0;210000
7244;5;7;1970;1970;Gd;GasA;Y;768;768;1;0;2;0;624;0;129500
8235;5;7;1955;1995;TA;GasA;Y;825;825;1;0;2;0;720;0;125000
9375;7;5;2003;2004;Gd;GasA;Y;912;2094;2;1;4;1;615;0;263000
4043;6;6;1977;1977;Gd;GasA;Y;1069;1069;2;0;2;0;440;0;140000
6000;5;6;1957;1957;TA;GasA;Y;928;928;1;0;3;0;288;0;112500
11146;8;5;2006;2006;Ex;GasA;Y;1717;1717;2;0;3;1;908;0;255500
8777;4;5;1949;2003;NA;GasA;Y;1126;1126;2;0;2;0;520;0;108000
10625;7;5;2003;2004;Gd;GasA;Y;1006;2046;2;1;3;1;871;0;284000
6380;5;6;1922;1950;TA;GasA;Y;1048;1048;1;0;2;1;280;0;113000
14850;5;5;1957;1957;TA;GasA;Y;1092;1092;1;0;2;1;299;0;141000
11040;4;6;1920;1950;TA;GasA;Y;897;1336;1;1;3;0;570;0;108000
21872;7;5;1996;1997;Gd;GasA;Y;729;1446;2;1;3;1;406;0;175000
3196;7;5;2003;2004;Gd;GasA;Y;1557;1557;2;0;2;1;420;0;234000
11341;5;6;1957;1996;Gd;GasA;Y;1392;1392;1;1;3;1;528;0;121500
10010;5;5;1974;1975;Gd;GasA;Y;1389;1389;1;0;2;1;418;0;170000
13907;5;6;1940;1969;TA;GasA;Y;996;996;1;0;3;1;0;0;108000
21780;6;7;1918;1950;Gd;GasA;Y;1163;1674;2;0;4;1;396;0;185000
13346;7;5;1992;2000;Gd;GasA;Y;1166;2295;2;1;4;1;590;0;268000
6858;6;4;1915;1950;Gd;GasA;N;841;1647;1;1;4;0;216;0;128000
11198;9;5;2005;2007;Gd;GasA;Y;1134;2504;2;1;4;1;656;0;325000
10171;7;5;2004;2004;Gd;GasA;Y;1535;1535;2;0;3;0;532;0;214000
12327;8;8;1983;2009;Gd;GasA;Y;1496;2132;1;1;1;1;612;0;316600
7032;5;5;1979;1979;Gd;GasA;Y;943;943;1;0;2;2;600;0;135960
13101;5;5;1965;1965;TA;GasA;Y;1728;1728;2;0;6;0;576;0;142600
7332;6;6;1959;1959;TA;GasA;Y;864;864;1;0;2;0;288;0;120000
13159;7;5;2009;2009;Ex;GasA;Y;846;1692;2;1;3;0;650;0;224500
9967;7;5;2000;2000;Gd;GasA;Y;774;1430;2;1;3;1;400;0;170000
10500;5;7;1971;2005;TA;GasA;Y;576;1109;1;0;3;0;288;0;139000
8480;5;5;1947;1950;TA;GasA;Y;832;1216;1;0;2;0;336;0;118500
6292;7;7;1928;1950;TA;GasA;Y;877;1477;2;0;3;1;216;0;145000
11777;5;6;1966;1966;TA;GasA;Y;1320;1320;1;0;3;2;564;0;164500
3604;7;5;2007;2007;Gd;GasA;Y;703;1392;2;0;2;0;540;0;146000
12150;5;5;1954;1954;TA;GasA;N;1050;1795;2;0;4;0;352;0;131500
14585;6;6;1960;1987;TA;GasA;Y;1429;1429;1;0;3;2;572;0;181900
12704;8;5;2008;2009;Ex;GasA;Y;2042;2042;2;1;3;1;1390;0;253293
11841;6;5;1990;1990;Gd;GasA;Y;816;816;1;0;3;0;0;0;118500
13500;10;9;1893;2000;TA;GasA;Y;1521;2775;3;1;3;1;880;0;325000
6120;4;7;1935;1995;TA;GasA;Y;989;1573;1;0;3;0;240;0;133000
11443;8;5;2005;2006;Ex;GasA;Y;2028;2028;2;0;2;2;880;0;369900
10267;6;7;1918;2000;TA;GasA;Y;838;838;1;0;2;0;275;0;130000
8740;5;6;1982;1982;TA;GasA;Y;860;860;1;0;2;0;528;0;137000
25095;5;8;1968;2003;TA;GasA;Y;1473;1473;1;0;1;2;452;0;143000
9100;5;6;1930;1960;TA;GasA;Y;779;935;1;0;2;0;308;0;79500
8320;7;5;2004;2004;Gd;GasA;Y;770;1582;2;1;3;0;520;0;185900
13478;10;5;2008;2008;Ex;GasA;Y;1728;2296;2;1;3;1;842;0;451950
6600;5;8;1982;2003;TA;GasA;Y;816;816;1;0;2;0;816;0;138000
4435;6;5;2003;2003;Gd;GasA;Y;848;848;1;0;1;0;420;0;140000
7990;5;6;1975;1975;Gd;GasA;Y;924;924;1;0;3;0;280;0;110000
11302;8;5;2005;2006;Gd;GasA;Y;1826;1826;2;0;3;1;758;0;319000
3600;6;7;1910;1993;TA;GasA;N;684;1368;1;0;3;0;216;0;114504
3922;7;5;2006;2007;Ex;GasA;Y;1402;1402;0;2;2;1;648;0;194201
12984;5;6;1977;1977;Gd;GasA;Y;1647;1647;2;0;3;1;621;0;217500
1950;6;6;1980;1980;Gd;GasA;Y;716;1556;2;1;3;1;452;0;151000
10927;8;5;2005;2005;Gd;GasA;Y;1058;1904;2;1;3;1;736;0;275000
9000;6;6;1937;1950;TA;GasA;Y;780;1375;1;1;3;1;544;0;141000
10041;8;5;1992;1992;Gd;GasA;Y;927;1915;2;1;3;1;506;0;220000
3182;7;5;2004;2005;Gd;GasA;Y;600;1200;2;1;2;0;480;0;151000
12803;7;5;2002;2002;Gd;GasA;Y;1494;1494;2;0;3;1;530;0;221000
13600;7;6;1965;1990;TA;GasA;Y;1186;1986;2;1;3;3;486;0;205000
12464;5;5;1996;1996;Gd;GasA;Y;1040;1040;1;0;3;0;576;0;152000
7800;5;8;1948;2002;TA;GasA;Y;1112;2008;3;0;3;0;230;0;225000
12168;8;6;1934;1998;Gd;GasA;Y;1940;3194;2;1;4;2;380;0;359100
7943;4;5;1961;1961;TA;GasA;Y;1029;1029;1;0;3;0;261;0;118500
11050;9;5;2000;2000;Ex;GasA;Y;1476;2153;2;1;3;2;736;0;313000
10395;6;6;1978;1978;Gd;GasA;Y;1032;1032;2;0;3;1;564;0;148000
11885;8;5;2001;2001;Gd;GasA;Y;1299;1872;2;1;3;1;531;0;261500
8402;5;5;2007;2007;Gd;GasA;Y;1120;1120;1;0;3;0;0;0;147000
1491;4;6;1972;1972;Gd;GasA;Y;630;630;1;0;1;0;0;0;75500
8800;6;7;1963;1963;TA;GasA;Y;1054;1054;1;0;3;0;480;0;137500
7861;6;5;2002;2003;Gd;GasA;Y;807;1509;2;1;3;1;393;0;183200
7227;6;6;1954;1954;TA;GasA;Y;832;832;1;0;2;0;528;0;105500
11694;9;5;2007;2007;Ex;GasA;Y;1828;1828;2;0;3;1;774;0;314813
12244;8;5;2003;2003;Gd;GasA;Y;1482;2262;2;1;4;2;749;0;305000
8248;3;3;1914;1950;TA;GasA;N;864;864;1;0;2;0;0;0;67000
10800;6;7;1974;1997;TA;GasA;Y;1548;2614;2;1;4;1;624;0;240000
7064;5;6;1977;1977;TA;GasA;Y;980;980;1;0;3;0;484;0;135000
2117;6;5;2000;2000;Gd;GasA;Y;756;1512;2;1;2;1;440;0;168500
10400;6;5;1972;1972;TA;GasA;Y;1012;1790;1;2;4;1;484;0;165150
10000;6;6;1962;1962;TA;GasA;Y;1116;1116;1;1;3;0;440;0;160000
12342;5;5;1960;1978;TA;GasA;Y;1422;1422;1;0;3;1;286;0;139900
9600;6;6;1955;1972;TA;GasA;Y;1520;1520;1;0;3;2;364;0;153000
11606;5;5;1969;1969;Gd;GasA;Y;1040;2080;1;2;5;2;504;0;135000
9020;6;5;1964;1964;TA;GasA;Y;1350;1350;1;1;3;0;520;0;168500
9000;5;6;1880;1991;Fa;GasA;Y;1089;1750;1;0;3;0;240;0;124000
4590;8;5;2006;2006;Gd;GasA;Y;1554;1554;2;0;2;1;627;0;209500
11900;7;5;1977;1977;TA;GasA;Y;1411;1411;2;0;3;1;544;0;82500
9250;5;7;1954;2005;TA;GasA;Y;1056;1056;1;0;3;0;260;0;139400
6979;6;5;1980;1980;TA;GasA;Y;1056;1056;0;0;0;0;576;0;144000
10896;6;7;1914;1995;TA;GasA;Y;1440;3395;2;0;8;0;0;0;200000
6120;2;3;1936;1950;TA;Grav;N;800;800;1;0;1;1;0;0;60000
6000;5;4;1954;1954;TA;GasA;Y;811;1387;2;0;3;0;256;0;93000
8777;5;7;1910;1950;Fa;GasA;Y;796;796;1;0;2;0;0;0;85000
3982;8;5;2006;2006;Gd;GasA;Y;1567;1567;2;0;1;1;648;0;264561
12677;8;5;2003;2004;Ex;GasA;Y;1518;1518;1;1;1;1;588;0;274000
7050;7;5;2001;2001;Gd;GasA;Y;1057;1929;2;1;3;1;650;0;226000
13860;8;7;1972;1995;Gd;GasA;Y;2000;2704;2;1;4;3;538;0;345000
10793;5;5;1969;1969;TA;GasA;Y;780;1620;2;1;4;0;462;0;152000
9187;9;5;2009;2009;Ex;GasA;Y;1766;1766;2;1;2;1;478;0;370878
10530;6;5;1971;1971;TA;GasA;Y;981;981;1;1;3;0;576;0;143250
7200;5;5;1950;1950;NA;GasA;Y;1048;1048;1;0;3;0;420;0;98300
10452;6;5;1953;1953;TA;GasA;Y;1094;1094;1;0;3;2;495;0;155000
7700;6;5;1966;1966;TA;GasA;Y;1051;1839;1;1;4;1;442;0;155000
1936;4;6;1970;1970;Gd;GasA;Y;630;630;1;0;1;0;0;0;84500
8125;7;6;2007;2007;Gd;GasA;Y;822;1665;2;1;3;0;562;0;205950
9084;4;5;1940;1950;TA;GasA;Y;755;1510;1;0;4;1;296;0;108000
8750;7;5;1996;1996;Gd;GasA;Y;909;1716;2;1;2;1;512;0;191000
10320;6;7;1906;1995;TA;GasA;Y;756;1469;1;0;3;0;216;0;135000
10437;8;6;1995;1995;Gd;GasA;Y;2113;2113;2;1;2;1;839;0;350000
1680;6;5;1971;1971;TA;GasA;Y;525;1092;1;1;3;0;264;0;88000
10007;5;7;1959;2006;TA;GasA;Y;1053;1053;1;1;3;0;312;0;145500
7200;7;6;1931;2000;Gd;GasA;Y;851;1502;1;1;3;1;270;0;149000
17503;6;5;1948;1950;TA;GasA;Y;912;1458;1;0;3;1;330;0;97500
9937;5;7;1964;1999;TA;GasA;Y;1486;1486;1;0;3;0;480;0;167000
12384;7;7;1976;1976;Gd;GasA;Y;1142;1935;2;1;3;1;550;0;197900
46589;8;7;1994;2005;Gd;GasA;Y;1686;2448;2;1;4;1;711;0;402000
13560;6;3;1968;1968;Fa;GasA;Y;1392;1392;1;0;2;2;576;0;110000
10012;4;5;1972;1972;Gd;GasA;Y;1181;1181;2;0;3;0;588;0;137500
20896;8;5;2005;2006;Ex;GasA;Y;2097;2097;1;1;1;1;1134;0;423000
11194;8;5;2000;2000;Gd;GasA;Y;1454;1936;2;1;3;1;504;0;230500
18450;6;5;1965;1979;Gd;GasA;Y;1465;2380;2;1;3;1;596;0;129000
8125;6;5;1994;1998;Gd;GasA;Y;1679;1679;2;0;3;1;575;0;193500
14175;5;6;1956;1987;TA;GasA;Y;1437;1437;1;1;3;1;576;0;168000
11600;4;5;1922;1950;Fa;GasA;Y;1180;1180;1;0;2;1;252;0;137500
8633;6;5;2005;2005;Gd;GasA;Y;738;1476;2;1;3;0;540;0;173500
6629;6;6;1925;1950;TA;GasA;N;697;1369;2;0;3;0;300;0;103600
11250;6;6;1977;1977;Gd;GasA;Y;1208;1208;1;1;3;1;546;0;165000
14442;6;7;1957;2004;TA;GasA;Y;1839;1839;2;0;3;2;416;0;257500
9200;6;6;1965;1965;TA;GasA;Y;1136;1136;1;0;3;1;384;0;140000
2289;6;6;1978;1978;TA;GasA;Y;855;1441;2;1;3;1;440;0;148500
9600;4;2;1900;1950;TA;GasW;N;1095;1774;2;0;4;0;779;0;87000
9022;5;8;1924;2006;TA;GasA;Y;792;792;1;0;2;0;240;0;109500
11844;8;5;2008;2008;Ex;GasA;Y;2046;2046;2;1;3;1;834;0;372500
9945;5;5;1961;1961;TA;GasA;Y;988;988;1;0;3;0;572;0;128500
8012;6;5;1980;1980;Gd;GasA;Y;923;923;2;0;2;1;264;0;143000
4500;5;5;1932;2000;TA;GasA;Y;848;1520;1;0;3;0;281;0;159434
2887;6;5;1996;1997;Gd;GasA;Y;1291;1291;1;0;2;1;431;0;173000
11248;9;5;2002;2002;Gd;GasA;Y;1668;1668;2;0;3;1;702;0;285000
16770;7;5;1998;1998;Gd;GasA;Y;1195;1839;2;1;4;0;486;0;221000
5062;7;5;1984;1984;Gd;GasA;Y;1190;2090;2;0;3;1;577;0;207500
10207;7;6;2007;2007;Gd;GasA;Y;874;1761;3;0;3;0;578;0;227875
5105;7;5;2004;2004;Gd;GasA;Y;551;1102;2;1;2;0;480;0;148800
8089;8;6;2007;2007;Gd;GasA;Y;1419;1419;2;0;2;1;567;0;392000
7577;6;5;2005;2006;Gd;GasA;Y;1362;1362;2;0;2;1;460;0;194700
4426;6;5;2004;2004;Gd;GasA;Y;848;848;1;0;1;1;420;0;141000
21535;10;6;1994;1995;Ex;GasA;Y;2444;4316;3;1;4;2;832;0;755000
26178;7;5;1989;1990;Gd;GasA;Y;1238;2519;2;1;4;2;628;0;335000
5400;5;6;1921;1968;TA;GasA;Y;1073;1073;1;0;2;0;326;0;108480
6120;5;6;1936;1950;TA;GasA;Y;1067;1539;1;1;3;0;576;0;141500
13811;6;6;1987;1987;Gd;GasA;Y;1137;1137;2;0;2;1;551;0;176000
6000;5;7;1921;1950;TA;GasA;Y;616;616;1;0;2;0;205;0;89000
6420;5;7;1952;1952;Ex;GasA;Y;1148;1148;1;0;2;0;308;0;123500
8450;5;8;1965;2009;TA;GasA;Y;894;894;1;0;3;1;336;0;138500
4282;7;5;2004;2004;Gd;GasA;Y;1391;1391;2;0;2;0;530;0;196000
14331;8;5;2002;2002;Ex;GasA;Y;1800;1800;2;0;3;1;765;0;312500
9600;7;5;1969;1969;TA;GasA;Y;1164;1164;1;1;3;0;528;0;140000
12438;8;5;2006;2006;Ex;GasA;Y;1264;2576;2;1;4;1;666;0;361919
7630;5;9;1900;1996;Gd;GasA;Y;1032;1812;2;0;4;1;672;0;140000
8400;7;5;2004;2005;Gd;GasA;Y;1484;1484;2;0;3;0;606;0;213000
5600;4;5;1930;1950;NA;GasA;N;372;1092;2;0;3;0;0;0;55000
115149;7;5;1971;2002;Gd;GasA;Y;1824;1824;2;0;2;2;739;0;302000
6240;8;5;2006;2006;Gd;GasA;Y;1324;1324;2;0;2;1;550;0;254000
9018;7;5;2007;2007;Gd;GasA;Y;728;1456;2;1;3;1;400;0;179540
7162;5;7;1966;1966;TA;GasA;Y;904;904;1;0;3;0;408;0;109900
4130;3;6;1935;2003;TA;GasA;Y;729;729;1;0;2;0;0;0;52000
8712;4;7;1900;1950;TA;GasA;Y;859;1178;1;0;2;0;384;0;102776
4671;8;5;1988;1989;Gd;GasA;Y;1228;1228;2;0;2;1;472;0;189000
9873;4;5;1970;1970;TA;GasW;N;960;960;1;0;3;0;576;0;129000
13517;6;8;1976;2005;TA;GasA;Y;725;1479;2;1;3;0;475;0;130500
10140;6;5;1974;1974;Gd;GasA;Y;1350;1350;2;0;3;1;478;0;165000
10800;7;8;1890;1998;TA;GasA;Y;1576;2554;1;1;3;0;704;0;159500
10000;5;6;1973;2000;Gd;GasA;Y;1178;1178;1;1;3;1;439;0;157000
10542;7;5;1993;1994;Gd;GasA;Y;1325;2418;2;1;3;1;983;0;341000
9920;5;6;1969;1969;Gd;GasA;Y;971;971;1;1;3;1;300;0;128500
6563;8;5;1985;1985;Gd;GasA;Y;1742;1742;2;0;2;1;564;0;275000
4426;6;5;2004;2004;Gd;GasA;Y;848;848;1;0;1;0;420;0;143000
8120;4;7;1970;1970;TA;GasA;Y;864;864;1;0;3;0;463;0;124500
8172;4;6;1954;1972;TA;GasA;Y;997;1470;2;0;4;0;548;0;135000
13286;9;5;2007;2008;Ex;GasA;Y;1698;1698;2;0;3;1;768;0;320000
6960;4;6;1970;1970;TA;GasA;Y;864;864;1;0;3;0;660;0;120500
21695;6;9;1988;2007;Gd;GasA;Y;1680;1680;2;0;3;1;540;0;222000
7314;7;5;2007;2007;Gd;GasA;Y;1232;1232;2;0;2;0;632;0;194500
11475;5;5;1958;1958;TA;GasA;Y;1776;1776;2;0;4;0;888;0;110000
6240;4;5;1925;1950;TA;GasA;Y;848;1208;1;0;2;0;539;0;103000
5389;8;5;1995;1996;Gd;GasA;Y;1616;1616;2;0;2;1;608;0;236500
9590;7;5;2003;2003;Ex;GasA;Y;1146;1146;2;0;3;1;438;0;187500
11404;7;5;1998;1999;Gd;GasA;Y;1153;2031;2;1;3;1;541;0;222500
10000;5;6;1961;1983;TA;GasA;Y;1144;1144;1;0;3;1;264;0;131400
8978;5;5;1968;1968;TA;GasA;Y;948;948;1;0;3;0;300;0;108000
10800;7;7;1914;1970;Gd;GasW;N;880;1768;1;1;2;2;320;0;163000
8544;3;4;1950;1950;NA;GasA;N;1040;1040;2;0;2;0;400;0;93500
10463;8;5;2005;2005;Gd;GasA;Y;901;1801;2;1;3;1;800;0;239900
10800;5;5;1987;1988;Gd;GasA;Y;1200;1200;3;0;3;0;0;0;179000
9313;7;5;2004;2004;Gd;GasA;Y;864;1728;2;1;3;0;572;0;190000
9600;5;7;1910;2002;Fa;GasA;Y;768;1432;2;0;2;0;360;0;132000
6768;6;8;1961;1996;TA;GasA;Y;912;912;1;0;3;0;288;0;142000
8450;7;5;2000;2001;Gd;GasA;Y;1349;1349;2;0;3;0;539;0;179000
12886;5;6;1963;1999;Gd;GasA;Y;1464;1464;2;0;3;1;480;0;175000
5395;8;5;1993;1993;Gd;GasA;Y;1337;1337;2;0;2;1;462;0;180000
8963;8;9;1976;1996;TA;GasA;Y;1175;2715;3;1;4;2;831;0;299800
8795;7;5;2000;2000;Gd;GasA;Y;980;2256;2;1;4;1;554;0;236000
11700;7;7;1880;2003;TA;GasW;N;1320;2640;1;1;4;1;864;0;265979
10593;7;5;1996;1996;Gd;GasA;Y;1720;1720;2;0;3;1;527;0;260400
8405;4;3;1945;1950;NA;Wall;N;1088;1529;2;0;4;0;240;0;98000
8800;4;7;1910;2004;TA;GasA;Y;792;1140;1;0;3;0;0;0;96500
7750;7;5;2003;2003;Gd;GasA;Y;660;1320;2;1;3;0;400;0;162000
9236;6;5;1997;1997;Gd;GasA;Y;1494;1494;2;0;3;0;576;0;217000
10240;8;5;2005;2005;Gd;GasA;Y;1038;2098;2;1;3;1;878;0;275500
7930;6;8;1969;2005;TA;GasA;Y;1026;1026;1;0;3;0;440;0;156000
3230;6;5;1999;1999;Gd;GasA;Y;742;1471;2;1;3;0;440;0;172500
10769;8;5;2007;2007;Gd;GasA;Y;866;1768;2;1;3;0;578;0;212000
11616;6;5;1978;1978;TA;GasA;Y;672;1386;2;1;3;1;440;0;158900
2280;7;5;1999;1999;Gd;GasA;Y;757;1501;2;1;3;0;440;0;179400
12257;8;5;1995;1995;Gd;GasA;Y;1328;2531;2;1;4;1;752;0;290000
9100;6;6;1959;1959;TA;GasA;Y;864;864;1;0;2;0;300;0;127500
6911;5;5;1924;1950;TA;GasA;Y;1301;1301;1;0;2;0;440;0;100000
8640;7;5;2009;2009;Gd;GasA;Y;764;1547;2;1;3;0;614;0;215200
9430;8;5;1999;1999;Gd;GasA;Y;1268;2365;2;1;3;1;856;0;337000
9549;8;5;1995;1996;Gd;GasA;Y;1494;1494;1;1;2;1;481;0;270000
14587;9;5;2008;2008;Gd;GasA;Y;1506;1506;2;0;2;1;592;0;264132
10421;7;5;1988;1988;Gd;GasA;Y;980;1714;2;1;3;1;496;0;196500
12508;6;7;1940;1985;Gd;GasA;Y;983;1750;2;0;4;0;423;0;160000
9100;7;5;2004;2005;Gd;GasA;Y;1836;1836;2;0;3;1;484;0;216837
53504;8;5;2003;2003;Gd;GasA;Y;1690;3279;3;1;4;1;841;0;538000
7252;5;5;1982;1982;Gd;GasA;Y;858;858;1;0;2;0;576;0;134900
8877;4;5;1951;1951;Fa;GasA;Y;1220;1220;1;0;2;0;396;0;102000
7819;6;5;1976;1976;TA;GasA;Y;1117;1117;1;0;3;1;672;0;107000
10150;5;5;1958;1958;TA;GasA;Y;912;912;1;0;2;0;275;0;114500
14226;8;5;2006;2006;Gd;GasA;Y;1973;1973;2;0;3;1;895;0;395000
4500;6;5;1998;1998;Ex;GasA;Y;1204;1204;2;0;2;0;412;0;162000
11210;7;5;2005;2006;Gd;GasA;Y;1614;1614;2;0;3;0;865;0;221500
13350;5;5;1974;1974;TA;GasA;Y;894;894;1;0;3;1;440;0;142500
8400;5;5;1977;1977;NA;GasA;Y;2020;2020;2;0;4;2;630;0;144000
10530;6;5;1977;1977;Gd;GasA;Y;1004;1004;1;0;2;0;504;0;135000
7875;7;5;1995;1996;Gd;GasA;Y;1253;1253;2;0;3;1;402;0;176000
7153;6;5;1992;1992;Gd;GasA;Y;810;1603;2;1;3;0;484;0;175900
16285;7;5;2001;2002;Gd;GasA;Y;1430;1430;2;0;3;0;605;0;187100
9101;5;6;1978;1978;Gd;GasA;Y;1110;1110;1;0;1;1;602;0;165500
6300;6;6;1914;2001;TA;GasA;Y;742;1484;2;0;3;1;0;0;128000
9790;6;5;1967;1967;TA;GasA;Y;1342;1342;2;0;3;1;457;0;161500
10800;5;6;1915;1950;Fa;GasA;Y;966;1652;2;0;4;0;416;0;139000
10142;7;5;2004;2004;Gd;GasA;Y;956;2084;2;1;4;0;618;0;233000
6000;4;7;1954;2000;TA;GasA;Y;901;901;1;0;2;0;281;0;107900
12205;6;8;1966;2007;TA;GasA;Y;976;2087;2;1;5;0;444;0;187500
3182;7;5;2005;2006;Gd;GasA;Y;1145;1145;2;0;2;1;397;0;160200
11333;6;5;1976;1976;Gd;GasA;Y;1062;1062;1;0;3;2;539;0;146800
9920;7;5;1996;1997;Gd;GasA;Y;1127;2013;2;1;3;1;455;0;269790
9158;8;5;2007;2007;Gd;GasA;Y;1496;1496;2;0;3;0;474;0;225000
10832;7;5;1994;1996;Gd;GasA;Y;1086;1895;2;1;3;1;409;0;194500
8400;6;6;1980;1981;Gd;GasA;Y;888;1564;2;1;3;1;476;0;171000
8197;6;5;1977;1977;TA;GasA;Y;1285;1285;1;1;3;1;528;0;143500
7677;5;5;1953;1953;TA;GasA;Y;773;773;1;0;2;0;240;0;110000
13518;9;5;2008;2009;Ex;GasA;Y;1966;3140;3;1;4;2;820;0;485000
7200;5;7;1937;1950;Gd;GasA;Y;981;1768;1;1;3;2;240;0;175000
12798;6;5;1997;1997;Gd;GasA;Y;616;1688;2;1;4;0;603;0;200000
4800;4;7;1916;1990;TA;GasA;Y;1196;1196;1;0;2;0;440;0;109900
8199;7;5;2005;2005;Gd;GasA;Y;728;1456;2;1;3;1;410;0;189000
13891;9;5;2008;2009;Ex;GasA;Y;1734;2822;3;1;4;1;1020;0;582933
9000;5;5;1954;1954;TA;GasA;Y;1128;1128;1;0;2;0;286;0;118000
12274;7;5;2008;2008;Gd;GasA;Y;1428;1428;2;0;3;0;554;0;227680
9750;5;5;1967;1967;TA;GasA;Y;980;980;2;0;3;0;384;0;135500
21384;5;6;1923;2004;TA;GasA;Y;1072;1576;1;1;3;1;528;0;223500
13400;5;5;1966;1966;TA;GasA;Y;1086;1086;1;0;3;1;484;0;159950
8100;5;5;1898;1965;TA;GasA;N;1075;2138;2;0;2;0;360;0;106000
10140;6;6;1974;1999;TA;GasA;Y;1309;1309;1;1;3;1;484;648;181000
4438;6;5;2004;2004;Gd;GasA;Y;848;848;1;0;1;1;420;0;144500
8712;5;5;1952;1952;TA;GasA;N;1044;1044;1;0;2;0;504;0;55993
9750;6;6;1958;1958;TA;GasA;Y;1442;1442;1;1;4;0;301;0;157900
8248;5;7;1918;1950;TA;GasW;Y;686;1250;1;1;3;0;280;0;116000
12137;7;5;1998;1998;Gd;GasA;Y;1661;1661;2;0;3;0;598;0;224900
11425;5;6;1954;1954;TA;GasA;Y;1008;1008;1;0;2;1;275;0;137000
13265;8;5;2002;2002;Gd;GasA;Y;1689;1689;2;0;3;2;857;0;271000
8816;6;7;1971;1971;TA;GasA;Y;1052;1052;1;0;3;0;440;0;155000
6371;7;5;2009;2010;Gd;GasA;Y;1358;1358;2;0;2;1;484;0;224000
7226;7;5;2003;2003;Gd;GasA;Y;798;1640;2;1;3;0;595;0;183000
6000;4;4;1953;1953;Fa;GasA;N;936;936;1;0;2;0;576;0;93000
12394;7;5;2003;2003;Gd;GasA;Y;847;1733;2;1;3;1;433;0;225000
9900;6;7;1940;1950;TA;GasA;Y;944;1489;2;0;3;1;240;0;139500
11216;8;5;2006;2006;Gd;GasA;Y;1489;1489;2;0;3;1;776;0;232600
14803;10;5;2007;2008;Ex;GasA;Y;2084;2084;2;0;2;1;1220;0;385000
6130;5;6;1924;1950;TA;GasA;Y;784;784;1;0;2;0;0;0;109500
8529;7;5;2001;2001;Gd;GasA;Y;1434;1434;2;0;3;1;527;0;189000
28698;5;5;1967;1967;TA;GasA;Y;1160;2126;2;1;3;0;538;0;185000
2544;7;5;2005;2005;Gd;GasA;Y;520;1223;2;1;2;0;480;0;147400
11900;6;5;1957;1957;TA;GasA;Y;1392;1392;1;1;3;2;458;0;166000
3180;7;5;2005;2005;Gd;GasA;Y;520;1200;2;1;2;0;480;0;151000
9548;7;6;2003;2003;Gd;GasA;Y;941;1829;2;1;3;1;613;0;237000
10004;6;6;1964;1964;TA;GasA;Y;1516;1516;1;1;3;0;472;0;167000
7875;5;6;1961;1961;TA;GasA;Y;1144;1144;1;0;3;0;456;0;139950
9600;4;7;1950;1995;Gd;GasA;Y;1067;1067;2;0;2;0;436;0;128000
8100;5;6;1948;1973;TA;GasA;Y;1559;1559;1;0;2;0;812;0;153500
1680;6;5;1973;1973;TA;GasA;Y;483;987;1;1;2;0;264;0;100000
9525;5;6;1995;2006;Gd;GasA;Y;1099;1099;1;1;3;0;352;0;144000
11767;5;6;1946;1995;TA;GasA;Y;768;1200;1;0;3;0;240;0;130500
12155;6;8;1925;1950;TA;GasA;N;810;1482;2;0;4;0;400;0;140000
10440;5;8;1904;2002;TA;GasA;Y;958;1539;2;0;3;1;686;0;157500
9020;6;7;1966;1966;TA;GasA;Y;1165;1165;1;1;3;0;490;0;174900
8000;5;4;1961;1961;TA;GasA;N;1800;1800;2;0;6;0;0;0;141000
12665;5;8;1915;1950;TA;GasA;Y;876;1416;1;1;4;1;720;0;153900
16647;5;5;1975;1981;Gd;GasA;Y;1701;1701;2;0;3;2;611;0;171000
9317;7;5;1993;1993;Gd;GasA;Y;1006;1775;2;1;3;1;425;0;213000
15523;5;6;1972;1972;TA;GasA;Y;864;864;1;0;3;1;338;0;133500
45600;6;8;1908;1997;TA;GasA;Y;1307;2358;3;0;5;1;360;0;240000
9600;6;7;1976;1994;TA;GasA;Y;1094;1855;2;1;3;1;512;0;187000
4435;6;5;2003;2003;Gd;GasA;Y;848;848;1;0;1;0;420;0;131500
3196;8;5;2003;2003;Gd;GasA;Y;1456;1456;2;0;2;1;400;0;215000
7128;7;5;1941;1950;TA;GasA;Y;918;1646;2;0;4;2;240;0;164000
12095;6;6;1964;1964;TA;GasA;Y;1445;1445;1;1;3;1;645;0;158000
17920;5;4;1955;1974;TA;GasA;Y;1779;1779;1;1;3;1;454;0;170000
6897;5;8;1962;2010;TA;GasA;Y;1040;1040;1;1;3;0;260;0;127000
10970;6;6;1978;1978;Gd;GasA;Y;1026;1026;1;0;3;0;576;0;147000
8125;6;5;1994;1995;Gd;GasA;Y;702;1481;2;1;3;1;343;0;174000
10400;7;5;1976;1976;Gd;GasA;Y;1370;1370;2;0;3;1;479;0;152000
11029;6;7;1968;1984;TA;GasA;Y;1512;2654;2;1;4;1;619;0;250000
7642;7;8;1918;1998;TA;GasA;Y;912;1426;1;1;3;1;216;0;189950
11625;5;4;1965;1965;TA;GasA;Y;1039;1039;1;1;3;0;504;0;131500
9672;6;5;1984;1985;Gd;GasA;Y;1097;1097;2;0;3;0;480;0;152000
7931;5;5;1959;1959;TA;GasA;Y;1148;1148;1;0;3;0;672;0;132500
8640;7;5;2007;2008;Ex;GasA;Y;1372;1372;2;0;3;0;529;0;250580
8750;5;6;1970;1970;TA;GasA;Y;1002;1002;1;0;3;0;902;0;148500
10656;8;5;2006;2007;Gd;GasA;Y;1646;1646;2;0;3;1;870;0;248900
6970;4;5;1961;1961;TA;GasA;Y;1120;1120;1;1;3;0;544;0;129000
14762;5;6;1948;1950;NA;GasA;Y;1547;2320;2;0;2;1;672;0;169000
9938;7;5;1993;1994;Gd;GasA;Y;1062;1949;2;1;3;1;574;0;236000
6600;5;5;1962;1962;TA;GasA;N;894;894;1;0;2;0;308;0;109500
8750;6;5;1998;1998;Gd;GasA;Y;804;1682;2;1;3;0;523;0;200500
8892;5;7;1953;1996;TA;GasA;Y;910;910;1;0;3;0;414;0;116000
12144;5;7;1949;1950;TA;GasA;Y;1036;1268;1;0;3;1;288;0;133000
5720;5;6;1941;1950;TA;GasA;Y;676;1131;1;1;3;0;200;0;66500
9000;8;5;2007;2007;Gd;GasA;Y;1184;2610;2;1;4;1;550;0;303477
25286;4;5;1963;1963;TA;GasA;Y;1040;1040;1;0;3;0;648;0;132250
8834;9;5;2004;2005;Ex;GasA;Y;1462;2224;2;1;4;1;738;0;350000
11782;5;7;1961;1995;TA;GasA;Y;1155;1155;1;0;3;0;576;0;148000
7000;5;8;1978;2005;TA;GasA;Y;864;864;1;0;3;0;336;0;136500
7024;5;5;2005;2006;Ex;GasA;Y;1090;1090;1;1;2;0;450;0;157000
13758;7;5;1990;1991;Gd;GasA;Y;1187;1717;2;1;3;1;400;0;187500
9636;6;5;1992;1993;Gd;GasA;Y;808;1593;2;1;3;1;389;0;178000
6204;4;5;1912;1950;TA;GasA;N;954;2230;1;0;5;0;440;0;118500
7150;5;5;1967;1967;TA;GasA;Y;892;892;1;0;3;0;288;0;100000
5119;9;5;1999;2000;Ex;GasA;Y;1709;1709;2;0;2;1;506;0;328900
8393;5;5;1959;2005;TA;GasA;Y;1712;1712;2;0;4;0;588;0;145000
16466;5;7;1955;1955;TA;GasA;Y;872;1393;1;1;3;0;300;0;135500
15865;8;6;1970;1970;TA;GasA;Y;2217;2217;2;0;4;1;621;0;268000
12160;6;4;1953;1953;TA;GasA;Y;1505;1505;1;0;2;1;505;0;149500
8064;5;7;1949;2006;TA;GasA;Y;672;924;1;0;3;1;576;0;122900
11184;6;5;1978;1978;TA;GasA;Y;918;1683;2;1;3;1;440;0;172500
8414;6;8;1963;2003;TA;GasA;Y;1068;1068;1;0;3;0;264;0;154500
13284;5;5;1954;1954;Gd;GasA;Y;1383;1383;1;0;3;1;354;0;165000
7018;5;5;1979;1979;NA;GasA;Y;1535;1535;2;0;4;0;400;0;118858
7056;6;5;1963;1963;TA;GasA;Y;983;1796;1;1;4;1;483;0;140000
8765;4;6;1936;1950;TA;GasA;N;951;951;1;0;2;0;327;0;106500
7018;5;5;1979;1979;NA;GasA;Y;1120;2240;2;0;6;0;528;0;142953
12919;9;5;2009;2010;Ex;GasA;Y;2364;2364;2;1;2;2;820;0;611657
6993;5;7;1961;1994;TA;GasA;Y;1236;1236;1;0;3;1;288;0;135000
7340;4;6;1971;1971;TA;GasA;Y;858;858;1;0;2;0;684;0;110000
8712;5;7;1957;2000;TA;GasA;Y;1306;1306;1;0;2;0;756;0;153000
7875;7;5;2003;2003;Gd;GasA;Y;807;1509;2;1;3;1;393;0;180000
14859;7;5;2006;2006;Gd;GasA;Y;1670;1670;2;0;3;1;690;0;240000
6173;5;6;1967;1967;TA;GasA;Y;902;902;1;0;3;0;288;0;125500
9920;5;5;1954;1954;TA;GasA;Y;1063;1063;1;0;3;0;280;0;128000
13501;8;5;2006;2006;Gd;GasA;Y;1636;1636;2;0;3;1;865;0;255000
11500;7;7;1936;1987;Gd;GasA;Y;1020;2057;1;1;3;1;180;0;250000
8885;5;5;1983;1983;Gd;GasA;Y;902;902;1;0;2;0;484;0;131000
12589;6;5;2005;2005;Gd;GasA;Y;742;1484;2;1;3;1;390;0;174000
11600;5;5;1960;1960;TA;GasA;Y;1105;2274;2;0;5;0;480;0;154300
9286;5;7;1977;1989;Gd;GasA;Y;1268;1268;1;1;3;0;252;0;143500
6120;5;7;1925;1950;TA;GasA;N;1015;1015;1;0;3;0;450;0;88000
6270;5;6;1949;1950;TA;GasA;N;1001;2002;2;0;4;0;871;0;145000
3000;6;5;2009;2009;Gd;GasA;Y;612;1224;2;1;2;0;528;0;173733
2001;4;5;1970;1970;TA;GasA;Y;546;1092;1;1;3;0;286;0;75000
9000;2;3;1949;1950;TA;GasA;N;480;480;0;0;1;0;308;0;35311
17140;4;6;1956;1956;TA;GasA;Y;1229;1229;1;0;3;0;284;0;135000
13125;7;5;1991;1991;Ex;GasA;Y;912;2127;2;1;4;1;833;0;238000
11029;6;8;1958;2002;Gd;GasA;Y;1414;1414;1;0;3;1;601;0;176500
8462;6;5;1994;1994;Gd;GasA;Y;936;1721;2;1;3;0;471;0;201000
8777;5;7;1900;2003;TA;GasA;Y;1272;2200;2;2;4;0;0;0;145900
10237;6;5;2005;2006;Gd;GasA;Y;1316;1316;2;0;3;1;397;0;169990
8012;6;5;1993;1994;Gd;GasA;Y;1617;1617;2;0;2;1;533;0;193000
10240;6;6;1980;1980;Gd;GasA;Y;1686;1686;2;0;3;1;612;0;207500
15611;5;6;1977;1977;Gd;GasA;Y;1126;1126;2;0;3;0;540;0;175000
11999;8;5;2003;2004;Gd;GasA;Y;1234;2374;2;1;4;1;656;0;285000
9900;7;5;1968;1968;TA;GasA;Y;1098;1978;2;1;4;1;486;0;176000
11838;8;5;2001;2001;Gd;GasA;Y;1788;1788;2;0;3;1;522;0;236500
13006;7;5;1997;1997;Gd;GasA;Y;993;2236;2;1;4;1;642;0;222000
8925;8;5;2007;2007;Gd;GasA;Y;1466;1466;2;0;3;0;610;0;201000
9100;5;6;1965;1965;TA;GasA;Y;925;925;1;0;2;0;429;0;117500
11670;9;5;2006;2006;Ex;GasA;Y;1905;1905;2;0;3;1;788;0;320000
8487;7;5;2004;2004;Gd;GasA;Y;1500;1500;2;0;3;0;570;0;190000
27650;7;7;1960;2007;Gd;GasA;Y;2069;2069;2;0;4;1;505;0;242000
5825;4;5;1926;1953;Fa;GasA;Y;747;747;1;0;1;0;528;0;79900
10083;7;5;2003;2003;Gd;GasA;Y;1200;1200;2;0;2;0;555;0;184900
9675;7;5;2005;2005;Gd;GasA;Y;1113;1971;2;1;3;1;689;0;253000
8760;7;5;2006;2006;Gd;GasA;Y;1391;1962;2;1;3;0;868;0;239799
24090;7;7;1940;1950;TA;GasA;Y;1207;2403;2;0;4;2;349;0;244400
12640;6;5;1976;1976;TA;GasA;Y;1728;1728;2;0;4;0;574;0;150900
8755;7;5;1999;1999;Gd;GasA;Y;1022;2060;2;1;3;1;390;0;214000
7711;4;3;1977;1977;Gd;GasA;Y;1440;1440;2;0;4;0;0;0;150000
25000;5;4;1967;1967;TA;GasA;Y;1632;1632;2;0;4;0;576;0;143000
14375;6;6;1958;1958;TA;GasA;Y;1344;1344;1;0;3;1;525;0;137500
8820;5;6;1890;1996;TA;GasA;Y;1188;1869;1;0;2;0;456;0;124900
8163;5;6;1959;1959;TA;GasA;Y;1144;1144;1;0;3;1;796;0;143000
14536;8;5;2002;2003;Gd;GasA;Y;1629;1629;2;0;3;1;808;0;270000
14006;7;5;2002;2002;Gd;GasA;Y;936;1776;2;1;3;1;474;0;192500
9360;6;7;1972;2006;TA;GasA;Y;1381;1381;1;1;3;1;676;0;197500
7200;5;8;1950;2002;TA;GasA;Y;864;864;1;0;3;0;720;0;129000
7800;5;5;1965;1965;TA;GasA;Y;965;965;1;0;3;0;300;0;119900
7200;5;8;1972;2003;Gd;GasA;Y;768;768;1;0;2;0;396;0;133900
11075;5;4;1969;1969;TA;GasA;Y;1168;1968;2;1;4;1;530;0;172000
9400;6;5;1975;1975;Gd;GasA;Y;980;980;2;0;4;0;0;0;127500
7136;6;6;1946;1950;Gd;GasA;N;979;1958;2;0;4;0;492;0;145000
1300;6;6;1980;1980;Gd;GasA;Y;561;1229;1;1;2;1;462;0;124000
7420;5;5;1962;1962;TA;GasA;Y;1057;1057;1;0;3;0;576;0;132000
8450;7;5;2003;2003;Gd;GasA;Y;1337;1337;2;0;3;0;531;0;185000
2572;7;5;1999;1999;Gd;GasA;Y;696;1416;2;1;3;0;484;0;155000
7207;5;7;1958;2008;TA;GasA;Y;858;858;1;0;2;0;0;0;116500
12227;6;7;1977;1995;Gd;GasA;Y;1542;2872;2;1;4;1;619;0;272000
2308;6;6;1976;1976;Gd;GasA;Y;804;1548;2;1;3;1;440;0;155000
11923;9;5;2007;2007;Ex;GasA;Y;1800;1800;2;0;2;0;702;0;239000
11316;7;5;2002;2003;Gd;GasA;Y;824;1894;2;1;4;1;510;0;214900
10237;6;5;2005;2007;Gd;GasA;Y;783;1484;2;1;3;1;393;0;178900
9600;5;7;1940;1950;TA;GasA;Y;976;1308;1;1;2;2;256;0;160000
7390;5;7;1955;1955;TA;GasA;Y;1098;1098;1;0;3;0;260;0;135000
5925;3;6;1910;1950;TA;Grav;N;600;968;1;0;2;0;0;0;37900
10382;6;5;1958;1958;TA;GasA;Y;1095;1095;1;0;2;0;264;0;140000
10800;4;4;1949;1950;TA;GasA;N;720;1192;1;1;4;0;0;0;135000
2268;7;5;2003;2004;Gd;GasA;Y;764;1626;2;0;2;0;474;0;173000
7892;6;5;1979;1979;Gd;GasA;Y;918;918;2;0;2;1;264;0;99500
11639;7;5;2007;2008;Gd;GasA;Y;1428;1428;2;0;3;0;480;0;182000
11414;7;8;1910;1993;Gd;GasA;N;1136;2019;1;0;3;0;532;0;167500
2651;7;5;2000;2000;Gd;GasA;Y;673;1382;2;1;3;0;490;0;165000
5900;4;7;1923;1958;Gd;GasA;Y;869;869;1;0;2;0;0;0;85500
4274;7;5;2006;2007;Gd;GasA;Y;1241;1241;1;1;1;0;569;0;199900
9450;4;5;1954;1954;TA;GasA;Y;894;894;1;0;3;0;400;0;110000
8816;5;6;1963;1963;TA;GasA;Y;1121;1121;1;0;3;0;480;0;139000
12122;7;9;1961;2007;TA;GasA;Y;999;999;1;0;3;0;588;0;178400
12203;8;5;1998;1999;Gd;GasA;Y;1276;2612;2;1;4;1;676;0;336000
3182;7;5;2007;2007;Gd;GasA;Y;1266;1266;2;0;2;1;388;0;159895
11250;8;5;2002;2002;Gd;GasA;Y;1149;2290;2;1;4;1;779;0;255900
10125;5;5;1977;1977;NA;GasA;Y;1302;1734;2;0;4;0;539;0;126000
10880;5;5;1950;1950;TA;GasW;N;1164;1164;1;0;3;0;240;0;125000
5310;6;8;1910;2003;TA;GasA;Y;1001;1635;1;0;2;0;255;0;117000
10159;9;5;2009;2010;Ex;GasA;Y;1940;1940;2;1;3;1;606;0;395192
12046;6;6;1976;1976;TA;GasA;Y;1118;2030;2;1;4;1;551;0;195000
8125;7;5;2006;2006;Gd;GasA;Y;778;1576;2;1;3;0;614;0;197000
9452;8;5;1997;1998;Gd;GasA;Y;1407;2392;2;1;3;1;870;0;348000
17671;8;9;1882;1986;TA;GasA;Y;916;1742;1;1;4;1;424;0;168000
9760;6;8;1964;1993;TA;GasA;Y;1020;1851;2;1;3;1;440;0;187000
8846;6;5;2005;2006;Gd;GasA;Y;750;1500;2;1;3;0;564;0;173900
12456;10;5;2006;2007;Ex;GasA;Y;1718;1718;2;0;3;1;786;0;337500
4712;4;7;1946;1950;TA;GasA;Y;774;1230;1;1;3;0;305;0;121600
10659;5;6;1961;1961;TA;GasA;Y;1050;1050;1;0;3;0;368;0;136500
11717;6;6;1970;1970;TA;GasA;Y;1442;1442;2;0;2;1;615;0;185000
9786;3;4;1922;1950;TA;GasA;N;1077;1077;1;0;3;1;210;0;91000
6762;7;5;2006;2006;Gd;GasA;Y;1208;1208;2;0;2;0;632;0;206000
10206;3;3;1952;1952;NA;GasW;N;944;944;1;0;2;0;528;0;82000
5400;5;6;1920;1950;Fa;GasA;Y;691;691;1;0;2;0;216;0;86000
11957;8;5;2006;2006;Gd;GasA;Y;1574;1574;2;0;3;1;824;0;232000
11500;5;6;1976;1976;TA;GasA;Y;1680;1680;2;0;4;0;528;0;136905
3182;7;5;2005;2006;Gd;GasA;Y;1504;1504;2;0;1;1;457;0;181000
8385;5;8;1977;1977;Gd;GasA;Y;985;985;2;0;3;0;328;0;149900
12155;6;3;1970;1970;Gd;GasA;Y;1657;1657;2;0;3;1;484;0;163500
2217;4;4;1970;1970;TA;GasA;Y;546;1092;1;1;3;0;286;0;88000
12118;7;5;2004;2005;Ex;GasA;Y;1710;1710;2;0;3;1;550;0;240000
6000;5;5;1926;1950;TA;GasA;Y;1008;1522;2;0;4;0;0;0;102000
21286;5;5;1948;1950;TA;GasA;Y;720;1271;2;0;4;1;312;0;135000
9825;5;5;1965;1965;NA;GasA;N;1664;1664;2;0;4;0;0;0;100000
10592;6;7;1923;1996;TA;GasA;Y;900;1502;1;1;3;2;180;0;165000
7200;5;4;1910;2006;TA;GasW;N;1022;1022;1;0;2;0;280;0;85000
11664;6;5;1948;1950;TA;GasA;Y;1082;1082;1;0;2;1;240;0;119200
8400;8;6;2001;2001;Gd;GasA;Y;810;1665;2;1;3;0;528;0;227000
11883;7;5;1996;1996;Gd;GasA;Y;1504;1504;2;0;3;1;478;0;203000
5814;8;5;1984;1984;Gd;GasA;Y;1360;1360;1;0;1;1;565;0;187500
10784;7;5;1991;1992;Gd;GasA;Y;802;1472;2;1;3;1;402;0;160000
3013;7;5;2005;2005;Gd;GasA;Y;1506;1506;2;0;2;1;440;0;213490
7024;4;5;2005;2005;Gd;GasA;Y;1132;1132;1;1;2;0;451;0;176000
7406;7;5;2006;2006;Gd;GasA;Y;1220;1220;2;0;2;0;632;0;194000
9439;5;5;1930;1950;TA;GasA;Y;912;1248;1;0;2;0;160;0;87000
3182;7;5;2005;2006;Gd;GasA;Y;1504;1504;2;0;2;1;437;0;191000
15498;8;6;1976;1976;Gd;GasA;Y;2898;2898;2;0;2;1;665;0;287000
7700;5;5;1972;1972;TA;GasA;Y;882;882;1;0;3;0;461;0;112500
9300;5;5;1960;1960;TA;GasA;Y;1264;1264;1;0;3;2;461;0;167500
9520;8;5;2007;2008;Gd;GasA;Y;1646;1646;2;0;3;1;800;0;293077
9492;5;5;1941;1950;TA;GasA;Y;968;1376;1;0;3;1;240;0;105000
1680;6;7;1972;1972;TA;GasA;Y;672;1218;1;1;3;0;264;0;118000
7082;5;8;1916;1995;TA;GasA;Y;948;1928;2;0;5;0;0;0;160000
15863;7;3;1920;1970;TA;GasA;Y;1687;3082;2;1;5;2;672;0;197000
14541;8;7;1993;1993;Gd;GasA;Y;1352;2520;2;1;5;1;796;0;310000
8125;7;5;2002;2002;Gd;GasA;Y;1654;1654;2;0;3;0;900;0;230000
6305;5;7;1938;1950;Fa;GasA;Y;954;954;1;0;2;1;240;0;119750
11500;4;3;1957;1957;NA;GasA;N;845;845;1;0;3;0;290;0;84000
12898;9;5;2007;2008;Ex;GasA;Y;1620;1620;2;0;2;1;912;0;315500
9240;8;5;2001;2002;Gd;GasA;Y;1055;2263;2;1;3;1;905;0;287000
1533;4;6;1970;2008;TA;GasA;Y;798;1344;1;1;3;1;0;0;97000
1477;4;4;1970;1970;Gd;GasA;Y;630;630;1;0;1;0;286;0;80000
13125;5;4;1957;2000;TA;GasA;Y;1803;1803;2;0;3;1;484;0;155000
9130;6;8;1966;2000;TA;GasA;Y;800;1632;1;1;4;0;484;0;173000
5381;6;5;2005;2005;Gd;GasA;Y;1306;1306;2;0;1;1;624;0;196000
11839;7;5;1990;1990;Gd;GasA;Y;1532;2329;2;1;4;1;514;0;262280
9600;8;5;1981;1981;Gd;GasA;Y;2524;2524;2;1;4;1;542;0;278000
13680;3;5;1955;1955;NA;GasA;Y;1733;1733;2;0;4;1;452;0;139600
16056;9;5;2005;2006;Ex;GasA;Y;1992;2868;3;1;4;1;716;0;556581
9245;5;5;1994;1995;Gd;GasA;Y;990;990;1;0;3;0;672;0;145000
21750;5;4;1960;2006;NA;GasA;Y;1771;1771;1;0;3;1;336;0;115000
11100;4;7;1946;2006;NA;GasA;Y;930;930;1;0;2;0;308;0;84900
8993;7;5;2007;2007;Gd;GasA;Y;1302;1302;2;0;3;0;436;0;176485
11175;7;5;2007;2007;Gd;GasA;Y;1316;1316;2;0;3;1;440;0;200141
9500;6;6;1964;1978;TA;GasA;Y;1127;1977;1;1;4;1;540;0;165000
8562;5;6;1957;2002;TA;GasA;Y;1526;1526;1;0;4;1;364;0;144500
11367;8;5;2002;2002;Gd;GasA;Y;1091;1989;2;1;3;1;586;0;255000
11361;6;5;1976;1976;Gd;GasA;Y;1523;1523;2;0;3;1;478;0;180000
7052;7;5;2005;2005;Gd;GasA;Y;1364;1364;2;0;2;1;484;0;185850
29959;7;6;1994;1994;Gd;GasA;Y;979;1850;2;1;3;1;467;0;248000
11308;9;5;2008;2008;Ex;GasA;Y;1130;2184;2;1;3;1;836;0;335000
11275;6;7;1932;1950;TA;GasA;Y;1096;1991;1;1;3;1;432;0;220000
4920;8;5;2001;2001;Gd;GasA;Y;1338;1338;2;0;2;0;582;0;213500
18000;3;4;1935;1950;TA;GasA;Y;894;894;1;0;2;0;1248;0;81000
13600;5;5;1900;1950;TA;GasA;N;1422;2337;2;0;5;0;560;0;90000
6000;6;6;1925;1980;TA;GasA;Y;1103;1103;1;0;2;1;440;0;110500
11000;5;6;1966;1966;TA;GasA;Y;1154;1154;1;1;3;1;480;0;154000
14000;7;5;1996;1997;Ex;GasA;Y;1306;2260;2;1;3;0;533;0;328000
7837;6;7;1993;1994;Gd;GasA;Y;799;1571;2;1;3;1;380;0;178000
9760;6;6;1964;1964;TA;GasA;Y;798;1611;1;1;4;0;442;0;167900
3964;6;4;1973;1973;Gd;GasA;Y;1291;2521;2;1;5;1;576;0;151400
9600;5;7;1949;2003;TA;GasA;Y;893;893;1;0;2;0;576;0;135000
10152;5;5;1956;1956;TA;GasA;Y;1048;1048;1;0;3;0;286;0;135000
11700;6;6;1968;1968;TA;GasA;Y;829;1556;1;1;4;0;441;0;154000
7585;5;3;1948;1950;Fa;GasA;Y;1002;1456;1;0;4;1;280;0;91500
7950;6;6;1977;1977;TA;GasA;Y;698;1426;1;1;3;0;440;0;159500
8556;7;5;2006;2006;Gd;GasA;Y;1240;1240;2;0;2;0;826;0;194000
13125;7;6;1940;1984;TA;GasA;Y;960;1740;1;1;3;2;240;0;219500
10800;5;8;1936;1989;Fa;GasA;Y;1096;1466;2;0;3;1;566;0;170000
15870;5;5;1969;1969;TA;GasA;Y;1096;1096;1;0;3;0;299;0;138800
4435;6;5;2004;2004;Gd;GasA;Y;848;848;1;0;1;1;420;0;155900
8775;5;5;1994;1994;Gd;GasA;Y;990;990;1;0;3;0;299;0;126000
11040;6;7;1971;2004;TA;GasA;Y;1258;1258;2;0;3;0;528;0;145000
7500;5;5;1963;1963;TA;GasA;Y;1040;1040;1;1;3;0;308;0;133000
8749;7;5;2002;2002;Gd;GasA;Y;1459;1459;2;0;3;1;527;0;192000
8800;6;6;1964;1964;TA;GasA;Y;1251;1251;1;0;3;2;461;0;160000
13031;6;5;1995;1996;Gd;GasA;Y;691;1498;2;1;3;1;409;0;187500
9069;6;6;1992;1992;Gd;GasA;Y;996;996;1;0;2;0;564;0;147000
1974;4;5;1973;1973;TA;GasA;Y;546;1092;1;1;3;0;286;0;83500
10574;8;5;2005;2006;Gd;GasA;Y;1082;1953;2;1;3;1;1043;0;252000
2522;7;5;2004;2004;Gd;GasA;Y;970;1709;2;0;3;0;380;0;137500
3316;8;5;2005;2005;Gd;GasA;Y;1247;1247;1;1;1;1;550;0;197000
8544;3;4;1950;1950;NA;Wall;N;1040;1040;2;0;2;0;400;0;92900
2160;7;5;1999;2000;Gd;GasA;Y;624;1252;2;1;2;0;462;0;160000
8400;6;5;1925;1950;TA;GasA;Y;1390;1694;2;0;4;1;576;0;136500
9230;5;8;1965;1998;TA;GasA;Y;1200;1200;1;1;1;0;884;0;146000
5868;5;7;1956;2000;TA;GasA;Y;936;936;1;0;2;0;308;0;129000
9317;6;5;2006;2006;Gd;GasA;Y;1314;1314;2;0;3;1;440;0;176432
6882;6;7;1914;2006;TA;GasA;Y;773;1355;1;1;3;0;0;0;127000
3696;8;5;1986;1986;Gd;GasA;Y;1088;1088;1;1;2;0;461;0;170000
6000;4;6;1936;1950;TA;GasA;Y;757;1324;1;0;3;0;240;0;128000
11880;7;5;1978;1978;Gd;GasA;Y;1601;1601;2;0;3;1;478;0;157000
8400;2;5;1920;1950;TA;GasA;N;438;438;1;0;1;0;246;0;60000
9758;5;5;1971;1971;TA;GasA;Y;950;950;1;0;3;0;280;0;119500
7000;5;7;1960;2002;TA;GasA;Y;1134;1134;1;0;2;0;254;0;135000
8910;6;6;1959;1959;TA;GasA;Y;1194;1194;1;0;3;1;539;0;159500
2016;5;5;1970;1970;TA;GasA;Y;630;1302;2;1;3;0;440;0;106000
12256;8;5;1994;1995;Ex;GasA;Y;1500;2622;2;1;3;2;712;0;325000
10357;7;5;1990;1991;Gd;GasA;Y;1442;1442;2;0;3;1;719;0;179900
23257;7;5;2006;2006;Ex;GasA;Y;887;2021;2;1;3;1;422;0;274725
8063;6;5;2000;2000;Gd;GasA;Y;948;1690;2;1;3;1;463;0;181000
11362;8;5;2004;2005;Ex;GasA;Y;1836;1836;2;0;3;1;862;0;280000
8000;6;5;1995;1996;Gd;GasA;Y;773;1658;2;1;3;1;431;0;188000
10480;7;6;1976;1976;TA;GasA;Y;1098;1964;2;1;4;1;483;0;205000
7100;5;7;1957;1957;TA;GasA;Y;816;816;1;0;2;0;308;0;129900
8923;5;7;1953;2006;TA;GasA;Y;1008;1008;1;0;2;0;240;0;134500
5400;5;7;1954;2000;TA;GasA;Y;833;833;1;0;2;0;326;0;117000
12085;8;5;2007;2007;Ex;GasA;Y;1734;1734;2;0;3;1;928;0;318000
7750;8;5;2002;2002;Gd;GasA;Y;779;1419;2;1;3;1;527;0;184100
9764;5;7;1967;2003;TA;GasA;Y;894;894;1;0;3;0;450;0;130000
13825;5;6;1958;1987;TA;GasA;Y;1021;1601;1;0;3;0;300;0;140000
7560;5;5;1959;1959;TA;GasA;Y;1040;1040;1;0;3;0;286;0;133700
8263;6;5;1920;1950;TA;GasA;Y;1012;1012;1;0;2;1;308;0;118400
10084;7;5;2005;2006;Gd;GasA;Y;1552;1552;2;0;3;0;782;0;212900
8926;4;3;1956;1956;TA;GasA;Y;960;960;1;0;3;0;288;0;112000
9405;5;9;1947;2008;TA;GasA;Y;698;698;1;0;2;0;0;0;118000
9125;7;5;1992;1992;Gd;GasA;Y;812;1482;2;1;3;1;392;0;163900
10434;4;5;1955;1955;TA;GasA;Y;1005;1005;1;0;2;1;672;0;115000
3684;7;5;2007;2007;Gd;GasA;Y;1555;1555;2;0;2;1;660;0;174000
14572;7;5;2004;2004;Gd;GasA;Y;1530;1530;2;0;3;1;630;0;259000
11796;7;5;2004;2005;Gd;GasA;Y;847;1959;2;1;4;1;434;0;215000
7200;5;5;1980;1980;Gd;GasA;Y;936;936;1;0;2;0;672;0;140000
7804;4;3;1928;1950;TA;GasA;Y;1328;1981;2;0;4;2;576;0;135000
10712;5;5;1991;1992;Gd;GasA;Y;974;974;1;0;3;0;0;0;93500
9900;6;4;1880;1950;TA;GasW;Y;1178;2210;2;0;5;0;205;0;117500
9828;8;5;1995;1995;Gd;GasA;Y;1142;2020;2;1;3;1;466;0;239500
8773;6;5;1997;1997;Gd;GasA;Y;916;1600;2;1;3;1;460;0;169000
6180;6;5;1926;1950;TA;GasA;N;986;986;1;0;2;1;180;0;102000
9600;6;5;1950;1950;TA;GasA;Y;1032;1252;1;0;3;0;288;0;119000
6342;5;8;1875;1996;TA;GasA;N;780;1020;1;0;2;0;0;0;94000
9819;6;5;1977;1977;TA;GasA;Y;1567;1567;2;0;2;2;714;0;196000
8731;5;5;1920;1950;TA;GasA;Y;1167;1167;1;0;3;1;495;0;144000
7350;5;7;1951;1951;TA;GasA;Y;952;952;1;0;2;0;840;0;139000
10304;5;7;1976;1976;TA;GasA;Y;1088;1868;2;1;4;1;484;0;197500
9965;8;5;2006;2007;Ex;GasA;Y;1466;2828;3;0;4;1;1052;0;424870
9000;5;3;1959;1959;TA;GasA;Y;1006;1006;1;0;3;0;0;0;80000
12180;4;4;1941;1950;Gd;Grav;N;672;924;1;0;2;0;280;0;80000
6240;5;6;1928;1950;TA;GasA;Y;1042;1576;1;0;3;1;225;0;149000
11200;6;5;1985;1985;Gd;GasA;Y;1298;1298;2;0;3;1;403;0;180000
12000;7;7;1941;1950;TA;GasA;Y;860;1564;1;1;3;1;234;0;174500
5700;7;7;1926;1950;TA;GasA;Y;572;1111;1;0;2;1;288;0;116900
9000;7;9;1920;1988;TA;GasA;Y;832;1482;1;0;3;0;324;0;143000
8280;6;5;1950;1950;TA;GasA;Y;932;932;1;0;2;1;306;0;124000
17755;5;4;1959;1959;TA;GasA;Y;1466;1466;1;1;3;2;528;0;149900
14115;6;7;1956;2004;TA;GasA;Y;1811;1811;1;0;2;1;470;0;230000
5890;6;8;1930;2007;TA;GasA;Y;816;816;1;0;2;0;432;0;120500
13700;7;6;1965;1988;TA;GasA;Y;902;1820;1;2;4;2;492;0;201800
10768;5;8;1976;2004;Gd;GasA;Y;1437;1437;2;0;3;1;528;0;218000
9350;5;8;1965;1999;TA;GasA;Y;1265;1265;2;0;3;1;502;0;179900
5001;7;5;2007;2008;Gd;GasA;Y;1314;1314;2;0;2;1;626;0;230000
11932;8;5;2007;2008;Gd;GasA;Y;1580;1580;2;0;3;0;830;0;235128
9120;6;6;1974;1974;TA;GasA;Y;943;1876;2;1;4;1;540;0;185000
2280;6;5;1978;1978;Gd;GasA;Y;855;1456;2;1;3;1;440;0;146000
14778;6;7;1954;2006;TA;GasA;Y;1640;1640;1;0;3;1;924;0;224000
8724;5;5;1968;1968;Gd;GasA;Y;894;894;1;0;3;1;450;0;129000
12900;4;4;1969;1969;Gd;GasA;Y;1258;1258;0;2;0;0;400;0;108959
16157;5;7;1978;1978;Gd;GasA;Y;1432;1432;1;1;2;1;588;0;194000
9541;7;5;2009;2009;Gd;GasA;Y;1502;1502;2;0;3;0;644;0;233170
10475;8;5;2008;2008;Gd;GasA;Y;1694;1694;2;0;3;0;776;0;245350
10852;6;5;2000;2000;Gd;GasA;Y;959;1671;2;1;3;1;472;0;173000
13728;6;7;1935;1986;TA;GasA;Y;1236;2108;2;0;4;2;540;0;235000
35760;10;5;1995;1996;Ex;GasA;Y;1831;3627;3;1;4;1;807;0;625000
9880;6;6;1977;1977;TA;GasA;Y;1118;1118;1;0;3;1;358;576;171000
9120;6;6;1958;1958;TA;GasA;Y;1261;1261;1;0;3;1;433;0;163000
4017;7;5;2006;2007;Gd;GasA;Y;625;1250;2;1;2;0;625;0;171900
18030;5;6;1946;1994;TA;GasA;Y;1636;3086;3;0;3;1;0;0;200500
16560;6;8;1932;1950;Gd;GasA;Y;1170;2345;2;1;4;1;360;0;239000
10678;8;5;1992;2000;Gd;GasA;Y;2129;2872;2;1;4;1;541;0;285000
6951;5;5;1984;1985;TA;GasA;Y;923;923;1;0;3;0;264;0;119500
3950;6;8;1926;2004;TA;GasA;Y;818;1224;1;0;3;0;210;0;115000
7681;5;6;1921;1950;TA;GasA;Y;820;1343;1;1;3;1;186;0;154900
8335;5;5;1954;1954;NA;GasA;Y;1124;1124;1;0;3;1;0;0;93000
11170;7;5;1990;1991;Gd;GasA;Y;1298;2514;2;1;4;0;693;0;250000
5587;8;5;2008;2008;Ex;GasA;Y;1652;1652;2;0;2;1;482;0;392500
15623;10;5;1996;1996;Ex;GasA;Y;2411;4476;3;1;4;2;813;555;745000
10800;5;6;1920;1950;TA;GasA;Y;1130;1130;1;0;2;1;720;0;120000
35133;5;4;1963;1963;TA;GasA;Y;1572;1572;1;1;3;2;995;0;186700
9738;5;7;1924;1950;TA;GasA;Y;949;1221;1;0;4;0;392;0;104900
10615;3;5;1900;1970;Fa;GasA;Y;1014;1699;2;0;3;0;420;0;95000
12461;8;5;1994;1995;Gd;GasA;Y;1624;1624;2;0;2;1;757;0;262000
8935;7;5;2002;2002;Gd;GasA;Y;831;1660;2;1;3;0;493;0;195000
7500;7;5;1999;1999;TA;GasA;Y;1028;1804;2;1;3;1;442;0;189000
32463;4;4;1961;1975;TA;GasA;Y;1622;1622;1;0;3;1;1356;0;168000
2645;8;5;1999;2000;Gd;GasA;Y;764;1441;2;1;2;0;492;0;174000
9600;5;8;1925;1994;TA;GasA;Y;842;1472;1;0;3;0;250;0;125000
4500;6;5;1999;1999;Ex;GasA;Y;1224;1224;2;0;2;0;402;0;165000
9364;6;7;1969;1969;TA;GasA;Y;663;1352;1;1;4;0;299;0;158000
8029;6;5;2005;2005;Gd;GasA;Y;728;1456;2;1;3;0;400;0;176000
14054;7;5;2006;2006;Gd;GasA;Y;879;1863;2;1;4;1;660;0;219210
8850;7;6;1916;1950;TA;GasA;Y;815;1690;1;0;3;1;225;0;144000
9100;7;5;2001;2001;Gd;GasA;Y;1212;1212;2;0;3;0;573;0;178000
11235;4;5;1963;1979;TA;GasA;Y;1382;1382;1;1;3;1;459;0;148000
9353;4;5;1970;1970;TA;GasA;Y;864;864;1;0;3;0;280;0;116050
10400;7;5;1998;1998;Gd;GasA;Y;866;1779;2;1;3;0;546;0;197900
6000;5;8;1925;1997;TA;GasA;Y;884;1348;1;0;3;1;216;0;117000
9750;7;5;2000;2001;Gd;GasA;Y;1630;1630;2;0;3;1;451;0;213000
10140;5;6;1975;1975;Gd;GasA;Y;1074;1074;1;1;3;0;495;0;153500
14684;7;7;1990;1991;Gd;GasA;Y;2196;2196;2;0;3;1;701;0;271900
8900;4;4;1966;1966;TA;GasA;Y;1056;1056;1;0;2;0;384;0;107000
9135;6;5;2003;2003;Gd;GasA;Y;1700;1700;2;0;3;0;544;0;200000
7763;5;7;1962;1980;TA;GasA;Y;1283;1283;1;0;3;0;506;0;140000
10182;8;5;2006;2006;Ex;GasA;Y;1660;1660;2;0;3;1;500;0;290000
11218;6;5;1992;1992;Gd;GasA;Y;1055;1845;2;1;3;1;462;0;189000
12134;8;7;1988;2005;Gd;GasA;Y;1080;1752;2;0;4;0;492;0;164000
9340;4;6;1941;1950;TA;GasA;Y;672;672;1;0;2;0;234;0;113000
10246;4;9;1965;2001;TA;GasA;Y;960;960;0;0;0;0;364;0;145000
10205;5;5;1962;1962;TA;GasA;Y;999;999;1;0;3;0;300;0;134500
7094;5;5;1966;1966;TA;GasA;Y;894;894;1;0;3;0;384;0;125000
8930;6;5;1978;1978;NA;GasA;Y;1318;1902;2;0;4;0;539;0;112000
8640;8;5;2009;2009;Gd;GasA;Y;1314;1314;2;0;3;0;552;0;229456
6240;4;5;1947;1950;NA;GasA;N;672;912;1;0;2;0;0;0;80500
1680;6;5;1971;1971;TA;GasA;Y;672;1218;1;1;3;0;0;0;91500
7800;5;5;1964;1964;TA;GasA;Y;912;912;1;0;2;0;288;0;115000
8250;5;5;1968;1968;TA;GasA;Y;1211;1211;1;0;3;1;322;0;134000
10496;6;6;1949;1950;TA;GasA;Y;1168;1846;2;0;3;1;315;0;143000
10680;5;3;1951;1951;TA;GasA;N;2136;2136;2;0;4;0;528;0;137900
15384;7;5;2004;2005;Gd;GasA;Y;788;1490;2;1;3;1;388;0;184000
10482;6;8;1958;1958;TA;GasA;Y;1138;1138;1;0;3;0;264;0;145000
14598;6;5;2007;2007;Gd;GasA;Y;894;1933;2;1;4;1;668;0;214000
8872;5;8;1965;2008;TA;GasA;Y;912;912;1;0;2;0;576;0;147000
8769;9;5;2008;2008;Ex;GasA;Y;1702;1702;1;1;1;1;1052;0;367294
7910;5;5;1960;1960;TA;GasA;Y;1507;1507;2;0;4;0;404;0;127000
18890;5;5;1977;1977;Gd;GasA;Y;1361;2620;2;2;4;1;600;0;190000
7728;5;6;1962;1962;TA;GasA;Y;1190;1190;1;0;3;0;540;0;132500
9842;4;5;1962;1962;NA;GasA;Y;1224;1224;2;0;2;0;462;0;101800
12160;5;5;1959;1959;TA;GasA;Y;1188;1188;1;0;3;0;531;0;142000
8525;5;6;1911;1950;TA;GasA;N;1024;1964;1;1;4;0;0;0;130000
13132;5;5;1914;1950;Gd;GasA;Y;892;1784;1;1;4;0;180;0;138887
2628;7;5;2003;2003;Gd;GasA;Y;764;1626;2;1;2;0;474;0;175500
12393;7;5;2004;2005;Gd;GasA;Y;847;1948;2;1;4;1;434;0;195000
13072;6;5;2005;2005;Gd;GasA;Y;1141;1141;1;1;3;0;484;0;142500
9037;8;5;2006;2006;Gd;GasA;Y;1484;1484;2;0;2;1;472;0;265900
8158;7;5;2003;2003;Gd;GasA;Y;884;1768;2;1;3;0;543;0;224900
9849;7;6;2007;2007;Gd;GasA;Y;1689;1689;2;0;3;0;954;0;248328
10625;7;6;1974;1974;Gd;GasA;Y;1173;1173;2;0;3;2;528;0;170000
13891;10;5;2006;2006;Ex;GasA;Y;2076;2076;2;1;2;1;850;0;465000
11435;8;7;1929;1950;Gd;GasA;Y;792;1517;1;0;3;2;400;0;230000
12090;6;7;1984;2003;Gd;GasA;Y;1140;1868;3;1;3;1;477;0;178000
8125;7;5;2005;2006;Gd;GasA;Y;756;1553;2;1;3;0;615;0;186500
12328;6;5;1976;1976;TA;GasA;Y;1034;1034;1;0;3;0;888;0;169900
9600;6;5;1917;1950;Gd;OthW;N;1134;2058;1;1;3;1;396;0;129500
7200;5;7;1950;1950;TA;GasA;Y;988;988;1;0;3;0;276;0;119000
11160;7;5;1968;1968;TA;GasA;Y;2110;2110;2;1;3;2;522;0;244000
3136;7;5;2003;2003;Gd;GasA;Y;1405;1405;2;0;2;1;478;0;171750
9858;5;6;1968;1968;TA;GasA;Y;874;874;1;0;3;0;288;0;130000
17542;7;7;1974;2003;TA;GasA;Y;1516;2167;2;1;3;2;518;0;294000
6931;7;5;2003;2004;Gd;GasA;Y;760;1656;2;1;3;1;397;0;165400
6240;6;6;1931;1950;TA;GasA;Y;959;1367;1;0;3;1;560;0;127500
14303;8;5;1994;1994;Gd;GasA;Y;1987;1987;2;0;2;1;691;0;301500
4060;5;8;1922;1950;Fa;GasA;Y;864;864;1;0;2;0;0;0;99900
9587;7;5;2005;2005;Gd;GasA;Y;1166;1166;2;0;2;0;400;0;190000
9750;6;8;1969;1969;Gd;GasA;Y;1054;1054;1;1;3;0;460;0;151000
24682;6;5;1999;1999;Gd;GasA;Y;892;1675;2;1;3;1;502;0;181000
9600;5;6;1956;1956;TA;GasA;Y;1050;1050;1;0;2;0;338;0;128900
11250;4;5;1957;1989;TA;GasA;Y;1104;1788;1;0;5;2;304;0;161500
13515;6;6;1919;1950;TA;GasA;Y;1060;1824;1;0;3;1;520;0;180500
4060;6;5;1998;1999;Gd;GasA;Y;1337;1337;2;0;2;0;511;0;181000
3735;7;5;1999;1999;Gd;GasA;Y;713;1452;2;1;3;0;506;0;183900
10120;7;4;1910;1950;TA;GasA;N;964;1889;1;1;4;1;308;0;122000
13214;9;5;2008;2009;Ex;GasA;Y;2018;2018;2;0;3;1;746;0;378500
14100;8;9;1935;1997;TA;GasA;Y;1968;3447;3;1;4;2;1014;0;381000
11344;5;5;1958;1958;TA;GasW;Y;874;1524;1;1;3;0;315;0;144000
23595;7;6;1979;1979;Gd;GasA;Y;1332;1524;0;1;0;1;586;0;260000
9156;6;7;1968;1968;TA;GasA;Y;1489;1489;2;0;3;1;462;0;185750
13526;5;6;1965;1965;TA;GasA;Y;935;935;1;0;3;0;288;0;137000
11512;6;7;1959;2006;TA;GasA;Y;1357;1357;1;0;2;1;312;0;177000
5362;5;6;1910;2003;TA;GasA;Y;661;1250;2;0;3;1;552;0;139000
11345;5;5;1948;1950;TA;GasA;Y;928;1920;2;0;4;0;400;0;137000
12936;6;6;1972;1972;TA;GasA;Y;735;1395;1;1;3;1;497;0;162000
17871;6;5;1967;1976;Gd;GasA;Y;1724;1724;1;1;3;1;480;0;197900
9473;8;5;2002;2002;Gd;GasA;Y;1128;2031;2;1;3;1;577;0;237000
7500;4;4;1920;1950;TA;GasA;Y;698;1128;1;0;2;0;528;0;68400
9808;7;5;2002;2002;Gd;GasA;Y;1573;1573;2;0;3;0;544;0;227000
8049;7;5;1990;1990;Gd;GasA;Y;1339;1339;2;0;2;1;484;0;180000
8800;5;7;1977;2008;Gd;GasA;Y;1040;1040;2;0;3;0;484;0;150500
9400;6;5;1971;1971;TA;GasA;Y;912;1824;2;2;4;0;0;0;139000
9638;6;7;1919;1990;TA;GasA;Y;1699;2447;2;0;4;1;336;0;169000
6000;6;6;1939;1950;TA;GasA;Y;825;1412;1;0;4;1;280;0;132500
9790;6;5;1963;1963;TA;GasA;Y;1328;1328;1;1;3;2;528;0;143000
36500;5;5;1964;1964;TA;GasA;Y;1582;1582;2;0;4;0;390;0;190000
5664;8;5;2000;2000;Gd;GasA;Y;1659;1659;2;0;2;1;499;0;278000
11065;8;5;2006;2006;Gd;GasA;Y;1120;1970;2;1;3;1;753;0;281000
14112;5;7;1964;1964;TA;GasA;Y;1152;1152;1;0;3;1;484;0;180500
1680;5;7;1972;1972;TA;GasA;Y;630;1302;2;1;3;0;264;0;119500
6600;5;4;1892;1965;TA;GasA;N;1378;2372;2;0;4;0;432;0;107500
10140;7;5;1976;1976;Gd;GasA;Y;832;1664;2;1;4;1;528;0;162900
8172;5;7;1955;1990;TA;GasA;Y;864;864;1;0;2;0;572;0;115000
8400;5;5;1968;1968;TA;GasA;Y;1052;1052;1;1;3;0;288;0;138500
8700;5;6;1963;1963;TA;GasA;Y;1128;1128;2;0;3;0;525;0;155000
3675;6;5;2005;2006;Gd;GasA;Y;1072;1072;2;0;2;0;525;0;140000
63887;10;5;2008;2008;Ex;GasA;Y;4692;5642;2;1;3;3;1418;480;160000
7500;5;7;1959;1994;TA;GasA;Y;1246;1246;1;1;3;0;305;0;154000
10762;7;5;1999;1999;Gd;GasA;Y;1005;1983;2;1;3;1;490;0;225000
7500;6;7;1942;1950;TA;GasA;Y;753;1494;1;0;3;2;213;0;177500
10120;8;5;1994;1994;Gd;GasA;Y;1203;2526;2;1;4;1;844;0;290000
8688;7;5;2005;2005;Gd;GasA;Y;1616;1616;2;0;3;0;834;0;232000
3363;7;5;2004;2004;Gd;GasA;Y;976;1708;2;0;3;0;380;0;130000
13173;9;5;2006;2007;Ex;GasA;Y;1652;1652;2;0;2;2;840;0;325000
6955;7;5;2005;2006;Gd;GasA;Y;1368;1368;2;0;2;1;474;0;202500
8072;5;5;1994;1995;Gd;GasA;Y;990;990;1;0;3;0;480;0;138000
12000;5;7;1948;2005;TA;GasA;Y;1122;1122;1;0;2;0;528;0;147000
7153;6;5;1991;1991;Gd;GasA;Y;1294;1294;2;0;3;0;496;0;179200
17500;7;8;1959;2002;Gd;GasA;Y;1902;1902;2;0;3;2;567;0;335000
8814;7;5;2005;2007;Gd;GasA;Y;1274;1274;2;0;3;0;508;0;203000
9572;8;5;1990;1990;Ex;GasA;Y;1453;2810;2;1;4;1;750;0;302000
14774;9;5;1999;1999;Gd;GasA;Y;1422;2599;2;1;4;1;779;0;333168
8190;4;6;1954;1954;TA;GasA;Y;948;948;1;0;3;1;280;0;119000
11075;6;5;1969;1969;Fa;GasA;Y;1092;2112;2;1;4;2;576;0;206900
10226;8;5;2008;2008;Ex;GasA;Y;1630;1630;2;0;3;1;860;0;295493
4230;7;5;2006;2007;Ex;GasA;Y;1352;1352;2;0;2;1;466;0;208900
14781;8;5;2001;2002;Gd;GasA;Y;1787;1787;2;0;3;1;748;0;275000
10215;4;5;1954;1954;TA;GasA;Y;948;948;1;0;3;0;248;0;111000
8400;6;3;1957;1957;TA;GasA;Y;1478;1478;1;1;3;2;442;0;156500
6627;3;6;1949;1950;NA;Floor;N;720;720;1;0;2;0;287;0;72500
10186;7;5;1992;1992;Gd;GasA;Y;1061;1923;2;1;3;1;564;0;190000
5330;4;7;1940;1950;TA;GasA;Y;708;708;1;0;2;0;0;0;82500
9986;8;5;2006;2007;Ex;GasA;Y;1795;1795;2;0;2;1;895;0;147000
3636;4;4;1922;1950;TA;GasA;N;796;796;1;0;2;0;0;0;55000
4270;3;6;1931;2006;TA;GasA;Y;774;774;1;0;3;0;0;0;79000
6600;5;9;1982;2008;TA;GasA;Y;816;816;1;0;3;1;264;0;130500
10440;6;7;1920;1950;Gd;GasW;Y;1584;2792;2;0;5;2;520;0;256000
9084;7;5;1998;1998;Gd;GasA;Y;955;1632;2;1;3;1;462;0;176500
10000;8;5;2006;2006;Gd;GasA;Y;1588;1588;2;0;3;1;825;0;227000
10780;5;5;1976;1976;TA;GasA;Y;954;954;1;0;3;0;576;0;132500
8877;4;6;1938;1958;TA;GasA;Y;816;816;1;0;2;1;288;0;100000
7200;5;6;1938;1995;TA;GasA;Y;803;1360;1;1;2;0;297;0;125500
2368;5;6;1970;1970;TA;GasA;Y;765;1365;1;1;3;0;440;0;125000
9650;6;5;1977;1977;Gd;GasA;Y;1334;1334;2;0;2;1;630;0;167900
9246;5;5;1973;1973;TA;GasA;Y;1656;1656;2;0;4;0;506;0;135000
4118;4;4;1941;1950;TA;Grav;N;693;693;1;0;2;0;0;0;52500
13450;7;5;2002;2002;Gd;GasA;Y;920;1861;2;1;3;0;492;0;200000
9560;5;7;1972;1972;TA;GasA;Y;864;864;1;0;3;0;288;0;128500
8294;4;5;1971;1971;TA;GasA;Y;872;872;1;0;3;0;480;0;123000
13695;6;5;2003;2004;Gd;GasA;Y;1114;1114;1;0;3;0;576;0;155000
9375;8;5;2002;2002;Gd;GasA;Y;1284;2169;2;1;3;1;647;0;228500
7558;6;6;1928;1950;TA;GasA;Y;1172;1913;1;1;3;1;342;0;177000
11103;7;5;2006;2006;Gd;GasA;Y;728;1456;2;1;3;1;440;0;155835
6000;4;4;1920;1950;TA;GasA;Y;960;960;1;0;2;0;308;0;108500
20781;7;7;1968;2003;TA;GasA;Y;2156;2156;2;0;3;1;508;0;262500
15306;8;5;2006;2007;Ex;GasA;Y;1776;1776;2;0;3;1;712;0;283463
16196;7;5;1998;1998;Gd;GasA;Y;1494;1494;2;0;3;1;514;0;215000
5250;8;5;1872;1987;TA;OthW;N;938;2358;2;0;4;0;0;0;122000
11643;5;5;1969;1969;TA;GasA;Y;1338;2634;2;2;6;0;968;0;200000
9247;6;6;1962;1962;TA;GasA;Y;858;1716;1;1;4;1;490;0;171000
6000;6;9;1937;2000;TA;GasA;Y;786;1176;1;0;2;0;624;0;134900
14720;8;5;1995;1996;Gd;GasA;Y;2053;3238;2;1;4;1;666;0;410000
10316;7;5;2000;2000;Gd;GasA;Y;992;1865;2;1;3;1;839;0;235000
10192;7;6;1968;1992;TA;GasA;Y;1222;1920;3;0;4;1;487;0;170000
9477;5;5;1966;1966;TA;GasA;Y;892;892;1;0;3;0;264;0;110000
12537;5;6;1971;2008;TA;GasA;Y;1078;1078;1;1;3;1;500;0;149900
2117;6;5;2000;2000;Gd;GasA;Y;769;1573;2;1;3;0;440;0;177500
16737;9;5;2004;2005;Ex;GasA;Y;1980;1980;2;0;3;1;770;0;315000
9842;5;6;1921;1998;TA;GasA;Y;990;2601;3;1;4;0;621;0;189000
16158;7;5;2005;2005;Ex;GasA;Y;1530;1530;2;0;3;1;430;0;260000
12513;4;4;1920;2007;TA;GasA;Y;1281;1738;2;0;4;1;368;0;104900
8499;6;5;2006;2007;Gd;GasA;Y;616;1412;2;1;3;1;432;0;156932
3180;7;5;2005;2005;Gd;GasA;Y;520;1200;2;1;2;0;480;0;144152
7500;7;5;2000;2000;Gd;GasA;Y;814;1674;2;1;3;0;663;0;216000
9179;7;5;1999;1999;Gd;GasA;Y;882;1790;2;1;3;0;588;0;193000
2665;5;6;1977;1977;TA;GasA;Y;925;1475;2;0;4;1;336;0;127000
4435;6;5;2003;2004;Gd;GasA;Y;848;848;1;0;1;0;420;0;144000
10635;8;5;2003;2003;Gd;GasA;Y;1668;1668;2;0;3;1;502;0;232000
5400;4;6;1920;1950;TA;GasA;Y;840;1374;1;0;2;0;338;0;105000
9600;6;6;1955;1996;TA;GasA;Y;1661;1661;1;0;3;1;377;0;165500
9750;7;6;1998;1998;Gd;GasA;Y;1108;2097;2;1;3;1;583;0;274300
11400;10;5;2001;2002;Ex;GasA;Y;2633;2633;2;1;2;2;804;0;466500
10625;7;5;2005;2005;Gd;GasA;Y;1026;1958;2;1;3;1;936;0;250000
10991;8;5;2007;2007;Gd;GasA;Y;1571;1571;2;0;3;1;722;0;239000
6292;6;5;1930;1950;Gd;GasA;N;790;790;1;0;2;0;160;0;91000
10998;5;5;1941;1960;TA;GasA;Y;984;1604;2;0;3;0;660;0;117000
1953;6;5;1973;1973;TA;GasA;Y;483;987;1;1;2;0;264;0;83000
9735;5;5;2006;2007;Gd;GasA;Y;754;1394;2;1;3;0;400;0;167500
8212;3;3;1914;1950;TA;GasA;N;864;864;1;0;2;0;200;0;58500
12925;6;7;1970;1970;TA;GasA;Y;2117;2117;2;1;4;2;550;0;237500
7200;7;7;1920;1950;Fa;GasA;Y;998;1762;1;1;4;0;576;0;157000
25339;5;7;1918;2007;TA;GasA;Y;1416;1416;2;0;3;0;576;0;112000
9060;6;5;1939;1950;TA;GasA;Y;698;1258;1;0;2;0;280;0;105000
5436;4;8;1922;2007;TA;GasA;Y;796;1154;1;0;3;0;240;0;125500
16692;7;5;1978;1978;Gd;GasA;Y;1392;2784;3;1;5;2;564;519;250000
8520;6;7;1916;1950;TA;GasW;N;1664;2526;2;0;5;1;216;0;136000
14892;9;5;2006;2007;Ex;GasA;Y;1746;1746;2;0;3;2;758;0;377500
6000;6;6;1941;1950;TA;GasA;Y;869;1218;1;0;3;1;440;0;131000
9100;7;5;2000;2000;Gd;GasA;Y;1525;1525;2;0;3;0;541;0;235000
8944;5;5;1967;1967;TA;GasA;Y;1584;1584;2;0;4;0;792;0;124000
7838;5;5;1967;1967;TA;GasA;Y;900;900;1;0;3;1;288;0;123000
10800;6;7;1905;2000;Fa;GasA;N;1221;1912;2;0;3;1;672;0;163000
4045;7;5;2006;2006;Gd;GasA;Y;1500;1500;2;0;2;1;648;0;246578
12665;8;5;2005;2006;Gd;GasA;Y;1133;2482;2;1;4;1;642;0;281213
57200;5;5;1948;1950;TA;GasA;Y;1687;1687;1;0;3;2;572;0;160000
6120;5;8;1920;2004;TA;GasA;Y;939;1513;1;1;4;0;180;0;137500
7200;5;4;1950;1982;TA;GasA;Y;1136;1904;1;1;3;0;240;0;138000
6171;6;6;1925;1990;TA;GasA;Y;1160;1608;2;1;3;1;216;0;137450
6000;6;7;1929;1950;TA;GasA;Y;950;1158;1;0;3;1;208;0;120000
7415;6;5;2004;2004;TA;GasA;Y;864;1593;2;1;3;1;398;0;193000
6762;7;5;2006;2006;Gd;GasA;Y;1294;1294;2;0;2;1;662;0;193879
15256;8;5;2007;2007;Gd;GasA;Y;1464;1464;2;0;3;0;754;0;282922
10410;3;4;1915;1950;TA;GasA;Y;694;1214;1;0;3;0;936;0;105000
3842;8;5;2004;2005;Ex;GasA;Y;1646;1646;2;0;2;1;482;0;275000
8445;5;7;1972;2007;Gd;GasA;Y;768;768;1;0;2;0;396;0;133000
8780;5;5;1985;1985;TA;GasA;Y;833;833;1;0;3;0;0;0;112000
7740;4;7;1910;1950;Fa;GasA;Y;741;1363;1;0;3;0;528;0;125500
20544;7;6;1986;1991;Gd;GasA;Y;1236;2093;2;1;3;1;542;0;215000
12420;7;5;2001;2001;Gd;GasA;Y;944;1840;2;1;3;0;622;0;230000
9600;6;8;1950;2005;TA;GasA;Y;1112;1668;1;1;3;0;271;0;140000
7200;4;5;1949;1950;NA;Wall;N;1040;1040;2;0;2;0;420;0;90000
10994;8;5;2005;2006;Gd;GasA;Y;1844;1844;2;0;2;1;620;0;257000
13053;6;7;1923;2000;TA;GasA;Y;1053;1848;1;1;4;1;370;0;207000
3635;7;5;2007;2007;Gd;GasA;Y;1569;1569;2;0;1;1;660;0;175900
11340;4;6;1885;1950;TA;GasA;Y;1246;2290;2;0;4;0;560;0;122500
16545;8;5;1998;1998;Gd;GasA;Y;1310;2450;2;1;3;1;1069;0;340000
9204;5;5;1963;1963;TA;GasA;Y;1144;1144;1;1;3;0;336;0;124000
16381;6;5;1969;1969;TA;GasA;Y;1844;1844;2;0;3;1;540;0;223000
11700;6;6;1968;1968;TA;GasA;Y;708;1416;2;1;3;1;776;0;179900
4043;6;5;1977;1977;Gd;GasA;Y;1069;1069;2;0;2;1;440;0;127500
4435;6;5;2003;2003;Gd;GasA;Y;848;848;1;0;1;0;420;0;136500
19690;6;7;1966;1966;Gd;GasA;Y;1575;2201;2;0;4;1;432;738;274970
9503;5;5;1958;1983;TA;GasA;Y;1344;1344;1;0;2;1;484;0;144000
10721;6;6;1959;1959;TA;GasA;Y;1252;1252;1;0;3;0;528;0;142000
10944;7;5;1994;1994;Gd;GasA;Y;1223;2127;2;1;3;2;525;0;271000
10930;5;6;1945;1950;TA;GasA;Y;1048;1558;1;1;3;1;288;0;140000
7200;5;7;1940;1992;TA;GasA;Y;804;804;1;0;2;2;240;0;119000
12546;6;7;1981;1981;Gd;GasA;Y;1440;1440;2;0;3;1;467;0;182900
21930;5;5;2005;2005;Gd;GasA;Y;734;1838;2;1;4;1;372;0;192140
4928;6;6;1976;1976;Gd;GasA;Y;958;958;2;0;2;0;440;0;143750
10800;4;6;1927;2007;TA;GasA;Y;968;968;2;0;4;0;216;0;64500
10261;6;5;2000;2000;Gd;GasA;Y;962;1792;2;1;3;1;451;0;186500
17400;5;5;1977;1977;TA;GasA;Y;1126;1126;2;0;3;1;484;0;160000
8400;6;9;1962;2005;TA;GasA;Y;1537;1537;1;1;3;1;462;0;174000
9000;4;6;1971;1971;TA;GasA;Y;864;864;1;0;3;0;528;0;120500
12444;8;5;2008;2008;Ex;GasA;Y;1932;1932;2;0;2;1;774;0;394617
7407;6;7;1957;1996;TA;GasA;Y;1236;1236;1;0;2;0;923;0;149700
11584;7;6;1979;1979;TA;GasA;Y;1040;1725;2;1;3;1;550;0;197000
11526;6;7;1922;1994;Ex;GasA;Y;1423;2555;2;0;3;1;672;0;191000
4426;6;5;2004;2004;Gd;GasA;Y;848;848;1;0;1;1;420;0;149300
11003;10;5;2008;2008;Ex;GasA;Y;1026;2007;2;1;3;1;812;0;310000
8854;6;6;1916;1950;TA;Grav;N;952;952;1;0;2;1;192;0;121000
8500;7;5;2004;2004;Gd;GasA;Y;1422;1422;2;0;3;0;626;0;179600
8400;6;5;1966;1966;TA;GasA;Y;913;913;1;0;3;0;240;0;129000
26142;5;7;1962;1962;TA;GasA;Y;1188;1188;1;0;3;0;312;0;157900
10000;8;5;1995;1996;Gd;GasA;Y;1220;2090;2;1;3;1;556;0;240000
11767;4;7;1910;2000;Fa;GasA;N;796;1346;1;1;2;0;384;0;112000
1533;5;7;1970;1970;Gd;GasA;Y;630;630;1;0;1;0;0;0;92000
9000;5;5;1974;1974;Gd;GasA;Y;896;1792;2;2;4;0;0;0;136000
9262;8;5;2008;2009;Gd;GasA;Y;1578;1578;2;0;3;1;840;0;287090
3675;5;5;2005;2005;Gd;GasA;Y;1072;1072;1;0;2;0;525;0;145000
17217;5;5;2006;2006;Gd;GasA;Y;1140;1140;1;0;3;0;0;0;84500
7500;7;5;2004;2005;Gd;GasA;Y;1221;1221;2;0;2;0;400;0;185000
7917;6;5;1999;2000;Gd;GasA;Y;953;1647;2;1;3;1;460;0;175000
13175;6;6;1978;1988;Gd;GasA;Y;2073;2073;2;0;3;2;500;0;210000
9042;7;9;1941;2006;TA;GasA;Y;1188;2340;2;0;4;2;252;0;266500
9717;5;6;1950;1996;TA;GasA;Y;1078;1078;1;0;2;0;240;0;142125
9937;5;6;1965;1965;TA;GasA;Y;1256;1256;1;1;3;0;276;0;147500
